solid pot_stand_clean_3legs
  facet normal 9.994646e-01 3.271908e-02 0.000000e+00
    outer loop
      vertex 60.000000 0.000000 0.000000
      vertex 59.871535 3.924188 0.000000
      vertex 59.871535 3.924188 4.000000
    endloop
  endfacet
  facet normal 9.994646e-01 3.271908e-02 -0.000000e+00
    outer loop
      vertex 60.000000 0.000000 0.000000
      vertex 59.871535 3.924188 4.000000
      vertex 60.000000 0.000000 4.000000
    endloop
  endfacet
  facet normal 0.000000e+00 0.000000e+00 -1.000000e+00
    outer loop
      vertex 0.000000 0.000000 0.000000
      vertex 59.871535 3.924188 0.000000
      vertex 60.000000 0.000000 0.000000
    endloop
  endfacet
  facet normal 0.000000e+00 0.000000e+00 1.000000e+00
    outer loop
      vertex 0.000000 0.000000 4.000000
      vertex 60.000000 0.000000 4.000000
      vertex 59.871535 3.924188 4.000000
    endloop
  endfacet
  facet normal 9.951847e-01 9.801714e-02 0.000000e+00
    outer loop
      vertex 59.871535 3.924188 0.000000
      vertex 59.486692 7.831572 0.000000
      vertex 59.486692 7.831572 4.000000
    endloop
  endfacet
  facet normal 9.951847e-01 9.801714e-02 -0.000000e+00
    outer loop
      vertex 59.871535 3.924188 0.000000
      vertex 59.486692 7.831572 4.000000
      vertex 59.871535 3.924188 4.000000
    endloop
  endfacet
  facet normal 0.000000e+00 0.000000e+00 -1.000000e+00
    outer loop
      vertex 0.000000 0.000000 0.000000
      vertex 59.486692 7.831572 0.000000
      vertex 59.871535 3.924188 0.000000
    endloop
  endfacet
  facet normal 0.000000e+00 0.000000e+00 1.000000e+00
    outer loop
      vertex 0.000000 0.000000 4.000000
      vertex 59.871535 3.924188 4.000000
      vertex 59.486692 7.831572 4.000000
    endloop
  endfacet
  facet normal 9.866433e-01 1.628955e-01 0.000000e+00
    outer loop
      vertex 59.486692 7.831572 0.000000
      vertex 58.847117 11.705419 0.000000
      vertex 58.847117 11.705419 4.000000
    endloop
  endfacet
  facet normal 9.866433e-01 1.628955e-01 -0.000000e+00
    outer loop
      vertex 59.486692 7.831572 0.000000
      vertex 58.847117 11.705419 4.000000
      vertex 59.486692 7.831572 4.000000
    endloop
  endfacet
  facet normal 0.000000e+00 0.000000e+00 -1.000000e+00
    outer loop
      vertex 0.000000 0.000000 0.000000
      vertex 58.847117 11.705419 0.000000
      vertex 59.486692 7.831572 0.000000
    endloop
  endfacet
  facet normal 0.000000e+00 0.000000e+00 1.000000e+00
    outer loop
      vertex 0.000000 0.000000 4.000000
      vertex 59.486692 7.831572 4.000000
      vertex 58.847117 11.705419 4.000000
    endloop
  endfacet
  facet normal 9.738770e-01 2.270763e-01 0.000000e+00
    outer loop
      vertex 58.847117 11.705419 0.000000
      vertex 57.955550 15.529143 0.000000
      vertex 57.955550 15.529143 4.000000
    endloop
  endfacet
  facet normal 9.738770e-01 2.270763e-01 -0.000000e+00
    outer loop
      vertex 58.847117 11.705419 0.000000
      vertex 57.955550 15.529143 4.000000
      vertex 58.847117 11.705419 4.000000
    endloop
  endfacet
  facet normal 0.000000e+00 0.000000e+00 -1.000000e+00
    outer loop
      vertex 0.000000 0.000000 0.000000
      vertex 57.955550 15.529143 0.000000
      vertex 58.847117 11.705419 0.000000
    endloop
  endfacet
  facet normal 0.000000e+00 0.000000e+00 1.000000e+00
    outer loop
      vertex 0.000000 0.000000 4.000000
      vertex 58.847117 11.705419 4.000000
      vertex 57.955550 15.529143 4.000000
    endloop
  endfacet
  facet normal 9.569403e-01 2.902847e-01 0.000000e+00
    outer loop
      vertex 57.955550 15.529143 0.000000
      vertex 56.815808 19.286368 0.000000
      vertex 56.815808 19.286368 4.000000
    endloop
  endfacet
  facet normal 9.569403e-01 2.902847e-01 -0.000000e+00
    outer loop
      vertex 57.955550 15.529143 0.000000
      vertex 56.815808 19.286368 4.000000
      vertex 57.955550 15.529143 4.000000
    endloop
  endfacet
  facet normal 0.000000e+00 0.000000e+00 -1.000000e+00
    outer loop
      vertex 0.000000 0.000000 0.000000
      vertex 56.815808 19.286368 0.000000
      vertex 57.955550 15.529143 0.000000
    endloop
  endfacet
  facet normal 0.000000e+00 0.000000e+00 1.000000e+00
    outer loop
      vertex 0.000000 0.000000 4.000000
      vertex 57.955550 15.529143 4.000000
      vertex 56.815808 19.286368 4.000000
    endloop
  endfacet
  facet normal 9.359059e-01 3.522500e-01 0.000000e+00
    outer loop
      vertex 56.815808 19.286368 0.000000
      vertex 55.432772 22.961006 0.000000
      vertex 55.432772 22.961006 4.000000
    endloop
  endfacet
  facet normal 9.359059e-01 3.522500e-01 -0.000000e+00
    outer loop
      vertex 56.815808 19.286368 0.000000
      vertex 55.432772 22.961006 4.000000
      vertex 56.815808 19.286368 4.000000
    endloop
  endfacet
  facet normal 0.000000e+00 0.000000e+00 -1.000000e+00
    outer loop
      vertex 0.000000 0.000000 0.000000
      vertex 55.432772 22.961006 0.000000
      vertex 56.815808 19.286368 0.000000
    endloop
  endfacet
  facet normal 0.000000e+00 0.000000e+00 1.000000e+00
    outer loop
      vertex 0.000000 0.000000 4.000000
      vertex 56.815808 19.286368 4.000000
      vertex 55.432772 22.961006 4.000000
    endloop
  endfacet
  facet normal 9.108638e-01 4.127070e-01 0.000000e+00
    outer loop
      vertex 55.432772 22.961006 0.000000
      vertex 53.812364 26.537321 0.000000
      vertex 53.812364 26.537321 4.000000
    endloop
  endfacet
  facet normal 9.108638e-01 4.127070e-01 -0.000000e+00
    outer loop
      vertex 55.432772 22.961006 0.000000
      vertex 53.812364 26.537321 4.000000
      vertex 55.432772 22.961006 4.000000
    endloop
  endfacet
  facet normal 0.000000e+00 0.000000e+00 -1.000000e+00
    outer loop
      vertex 0.000000 0.000000 0.000000
      vertex 53.812364 26.537321 0.000000
      vertex 55.432772 22.961006 0.000000
    endloop
  endfacet
  facet normal 0.000000e+00 0.000000e+00 1.000000e+00
    outer loop
      vertex 0.000000 0.000000 4.000000
      vertex 55.432772 22.961006 4.000000
      vertex 53.812364 26.537321 4.000000
    endloop
  endfacet
  facet normal 8.819213e-01 4.713967e-01 0.000000e+00
    outer loop
      vertex 53.812364 26.537321 0.000000
      vertex 51.961524 30.000000 0.000000
      vertex 51.961524 30.000000 4.000000
    endloop
  endfacet
  facet normal 8.819213e-01 4.713967e-01 -0.000000e+00
    outer loop
      vertex 53.812364 26.537321 0.000000
      vertex 51.961524 30.000000 4.000000
      vertex 53.812364 26.537321 4.000000
    endloop
  endfacet
  facet normal 0.000000e+00 0.000000e+00 -1.000000e+00
    outer loop
      vertex 0.000000 0.000000 0.000000
      vertex 51.961524 30.000000 0.000000
      vertex 53.812364 26.537321 0.000000
    endloop
  endfacet
  facet normal 0.000000e+00 0.000000e+00 1.000000e+00
    outer loop
      vertex 0.000000 0.000000 4.000000
      vertex 53.812364 26.537321 4.000000
      vertex 51.961524 30.000000 4.000000
    endloop
  endfacet
  facet normal 8.492022e-01 5.280679e-01 0.000000e+00
    outer loop
      vertex 51.961524 30.000000 0.000000
      vertex 49.888177 33.334214 0.000000
      vertex 49.888177 33.334214 4.000000
    endloop
  endfacet
  facet normal 8.492022e-01 5.280679e-01 -0.000000e+00
    outer loop
      vertex 51.961524 30.000000 0.000000
      vertex 49.888177 33.334214 4.000000
      vertex 51.961524 30.000000 4.000000
    endloop
  endfacet
  facet normal 0.000000e+00 0.000000e+00 -1.000000e+00
    outer loop
      vertex 0.000000 0.000000 0.000000
      vertex 49.888177 33.334214 0.000000
      vertex 51.961524 30.000000 0.000000
    endloop
  endfacet
  facet normal 0.000000e+00 0.000000e+00 1.000000e+00
    outer loop
      vertex 0.000000 0.000000 4.000000
      vertex 51.961524 30.000000 4.000000
      vertex 49.888177 33.334214 4.000000
    endloop
  endfacet
  facet normal 8.128467e-01 5.824777e-01 0.000000e+00
    outer loop
      vertex 49.888177 33.334214 0.000000
      vertex 47.601200 36.525686 0.000000
      vertex 47.601200 36.525686 4.000000
    endloop
  endfacet
  facet normal 8.128467e-01 5.824777e-01 -0.000000e+00
    outer loop
      vertex 49.888177 33.334214 0.000000
      vertex 47.601200 36.525686 4.000000
      vertex 49.888177 33.334214 4.000000
    endloop
  endfacet
  facet normal 0.000000e+00 0.000000e+00 -1.000000e+00
    outer loop
      vertex 0.000000 0.000000 0.000000
      vertex 47.601200 36.525686 0.000000
      vertex 49.888177 33.334214 0.000000
    endloop
  endfacet
  facet normal 0.000000e+00 0.000000e+00 1.000000e+00
    outer loop
      vertex 0.000000 0.000000 4.000000
      vertex 49.888177 33.334214 4.000000
      vertex 47.601200 36.525686 4.000000
    endloop
  endfacet
  facet normal 7.730105e-01 6.343933e-01 0.000000e+00
    outer loop
      vertex 47.601200 36.525686 0.000000
      vertex 45.110388 39.560749 0.000000
      vertex 45.110388 39.560749 4.000000
    endloop
  endfacet
  facet normal 7.730105e-01 6.343933e-01 -0.000000e+00
    outer loop
      vertex 47.601200 36.525686 0.000000
      vertex 45.110388 39.560749 4.000000
      vertex 47.601200 36.525686 4.000000
    endloop
  endfacet
  facet normal 0.000000e+00 0.000000e+00 -1.000000e+00
    outer loop
      vertex 0.000000 0.000000 0.000000
      vertex 45.110388 39.560749 0.000000
      vertex 47.601200 36.525686 0.000000
    endloop
  endfacet
  facet normal 0.000000e+00 0.000000e+00 1.000000e+00
    outer loop
      vertex 0.000000 0.000000 4.000000
      vertex 47.601200 36.525686 4.000000
      vertex 45.110388 39.560749 4.000000
    endloop
  endfacet
  facet normal 7.298641e-01 6.835923e-01 0.000000e+00
    outer loop
      vertex 45.110388 39.560749 0.000000
      vertex 42.426407 42.426407 0.000000
      vertex 42.426407 42.426407 4.000000
    endloop
  endfacet
  facet normal 7.298641e-01 6.835923e-01 -0.000000e+00
    outer loop
      vertex 45.110388 39.560749 0.000000
      vertex 42.426407 42.426407 4.000000
      vertex 45.110388 39.560749 4.000000
    endloop
  endfacet
  facet normal 0.000000e+00 0.000000e+00 -1.000000e+00
    outer loop
      vertex 0.000000 0.000000 0.000000
      vertex 42.426407 42.426407 0.000000
      vertex 45.110388 39.560749 0.000000
    endloop
  endfacet
  facet normal 0.000000e+00 0.000000e+00 1.000000e+00
    outer loop
      vertex 0.000000 0.000000 4.000000
      vertex 45.110388 39.560749 4.000000
      vertex 42.426407 42.426407 4.000000
    endloop
  endfacet
  facet normal 6.835923e-01 7.298641e-01 0.000000e+00
    outer loop
      vertex 42.426407 42.426407 0.000000
      vertex 39.560749 45.110388 0.000000
      vertex 39.560749 45.110388 4.000000
    endloop
  endfacet
  facet normal 6.835923e-01 7.298641e-01 -0.000000e+00
    outer loop
      vertex 42.426407 42.426407 0.000000
      vertex 39.560749 45.110388 4.000000
      vertex 42.426407 42.426407 4.000000
    endloop
  endfacet
  facet normal 0.000000e+00 0.000000e+00 -1.000000e+00
    outer loop
      vertex 0.000000 0.000000 0.000000
      vertex 39.560749 45.110388 0.000000
      vertex 42.426407 42.426407 0.000000
    endloop
  endfacet
  facet normal 0.000000e+00 0.000000e+00 1.000000e+00
    outer loop
      vertex 0.000000 0.000000 4.000000
      vertex 42.426407 42.426407 4.000000
      vertex 39.560749 45.110388 4.000000
    endloop
  endfacet
  facet normal 6.343933e-01 7.730105e-01 0.000000e+00
    outer loop
      vertex 39.560749 45.110388 0.000000
      vertex 36.525686 47.601200 0.000000
      vertex 36.525686 47.601200 4.000000
    endloop
  endfacet
  facet normal 6.343933e-01 7.730105e-01 -0.000000e+00
    outer loop
      vertex 39.560749 45.110388 0.000000
      vertex 36.525686 47.601200 4.000000
      vertex 39.560749 45.110388 4.000000
    endloop
  endfacet
  facet normal 0.000000e+00 0.000000e+00 -1.000000e+00
    outer loop
      vertex 0.000000 0.000000 0.000000
      vertex 36.525686 47.601200 0.000000
      vertex 39.560749 45.110388 0.000000
    endloop
  endfacet
  facet normal 0.000000e+00 0.000000e+00 1.000000e+00
    outer loop
      vertex 0.000000 0.000000 4.000000
      vertex 39.560749 45.110388 4.000000
      vertex 36.525686 47.601200 4.000000
    endloop
  endfacet
  facet normal 5.824777e-01 8.128467e-01 0.000000e+00
    outer loop
      vertex 36.525686 47.601200 0.000000
      vertex 33.334214 49.888177 0.000000
      vertex 33.334214 49.888177 4.000000
    endloop
  endfacet
  facet normal 5.824777e-01 8.128467e-01 -0.000000e+00
    outer loop
      vertex 36.525686 47.601200 0.000000
      vertex 33.334214 49.888177 4.000000
      vertex 36.525686 47.601200 4.000000
    endloop
  endfacet
  facet normal 0.000000e+00 0.000000e+00 -1.000000e+00
    outer loop
      vertex 0.000000 0.000000 0.000000
      vertex 33.334214 49.888177 0.000000
      vertex 36.525686 47.601200 0.000000
    endloop
  endfacet
  facet normal 0.000000e+00 0.000000e+00 1.000000e+00
    outer loop
      vertex 0.000000 0.000000 4.000000
      vertex 36.525686 47.601200 4.000000
      vertex 33.334214 49.888177 4.000000
    endloop
  endfacet
  facet normal 5.280679e-01 8.492022e-01 0.000000e+00
    outer loop
      vertex 33.334214 49.888177 0.000000
      vertex 30.000000 51.961524 0.000000
      vertex 30.000000 51.961524 4.000000
    endloop
  endfacet
  facet normal 5.280679e-01 8.492022e-01 -0.000000e+00
    outer loop
      vertex 33.334214 49.888177 0.000000
      vertex 30.000000 51.961524 4.000000
      vertex 33.334214 49.888177 4.000000
    endloop
  endfacet
  facet normal 0.000000e+00 0.000000e+00 -1.000000e+00
    outer loop
      vertex 0.000000 0.000000 0.000000
      vertex 30.000000 51.961524 0.000000
      vertex 33.334214 49.888177 0.000000
    endloop
  endfacet
  facet normal 0.000000e+00 0.000000e+00 1.000000e+00
    outer loop
      vertex 0.000000 0.000000 4.000000
      vertex 33.334214 49.888177 4.000000
      vertex 30.000000 51.961524 4.000000
    endloop
  endfacet
  facet normal 4.713967e-01 8.819213e-01 0.000000e+00
    outer loop
      vertex 30.000000 51.961524 0.000000
      vertex 26.537321 53.812364 0.000000
      vertex 26.537321 53.812364 4.000000
    endloop
  endfacet
  facet normal 4.713967e-01 8.819213e-01 -0.000000e+00
    outer loop
      vertex 30.000000 51.961524 0.000000
      vertex 26.537321 53.812364 4.000000
      vertex 30.000000 51.961524 4.000000
    endloop
  endfacet
  facet normal 0.000000e+00 0.000000e+00 -1.000000e+00
    outer loop
      vertex 0.000000 0.000000 0.000000
      vertex 26.537321 53.812364 0.000000
      vertex 30.000000 51.961524 0.000000
    endloop
  endfacet
  facet normal 0.000000e+00 0.000000e+00 1.000000e+00
    outer loop
      vertex 0.000000 0.000000 4.000000
      vertex 30.000000 51.961524 4.000000
      vertex 26.537321 53.812364 4.000000
    endloop
  endfacet
  facet normal 4.127070e-01 9.108638e-01 0.000000e+00
    outer loop
      vertex 26.537321 53.812364 0.000000
      vertex 22.961006 55.432772 0.000000
      vertex 22.961006 55.432772 4.000000
    endloop
  endfacet
  facet normal 4.127070e-01 9.108638e-01 -0.000000e+00
    outer loop
      vertex 26.537321 53.812364 0.000000
      vertex 22.961006 55.432772 4.000000
      vertex 26.537321 53.812364 4.000000
    endloop
  endfacet
  facet normal 0.000000e+00 0.000000e+00 -1.000000e+00
    outer loop
      vertex 0.000000 0.000000 0.000000
      vertex 22.961006 55.432772 0.000000
      vertex 26.537321 53.812364 0.000000
    endloop
  endfacet
  facet normal 0.000000e+00 0.000000e+00 1.000000e+00
    outer loop
      vertex 0.000000 0.000000 4.000000
      vertex 26.537321 53.812364 4.000000
      vertex 22.961006 55.432772 4.000000
    endloop
  endfacet
  facet normal 3.522500e-01 9.359059e-01 0.000000e+00
    outer loop
      vertex 22.961006 55.432772 0.000000
      vertex 19.286368 56.815808 0.000000
      vertex 19.286368 56.815808 4.000000
    endloop
  endfacet
  facet normal 3.522500e-01 9.359059e-01 -0.000000e+00
    outer loop
      vertex 22.961006 55.432772 0.000000
      vertex 19.286368 56.815808 4.000000
      vertex 22.961006 55.432772 4.000000
    endloop
  endfacet
  facet normal 0.000000e+00 0.000000e+00 -1.000000e+00
    outer loop
      vertex 0.000000 0.000000 0.000000
      vertex 19.286368 56.815808 0.000000
      vertex 22.961006 55.432772 0.000000
    endloop
  endfacet
  facet normal 0.000000e+00 0.000000e+00 1.000000e+00
    outer loop
      vertex 0.000000 0.000000 4.000000
      vertex 22.961006 55.432772 4.000000
      vertex 19.286368 56.815808 4.000000
    endloop
  endfacet
  facet normal 2.902847e-01 9.569403e-01 0.000000e+00
    outer loop
      vertex 19.286368 56.815808 0.000000
      vertex 15.529143 57.955550 0.000000
      vertex 15.529143 57.955550 4.000000
    endloop
  endfacet
  facet normal 2.902847e-01 9.569403e-01 -0.000000e+00
    outer loop
      vertex 19.286368 56.815808 0.000000
      vertex 15.529143 57.955550 4.000000
      vertex 19.286368 56.815808 4.000000
    endloop
  endfacet
  facet normal 0.000000e+00 0.000000e+00 -1.000000e+00
    outer loop
      vertex 0.000000 0.000000 0.000000
      vertex 15.529143 57.955550 0.000000
      vertex 19.286368 56.815808 0.000000
    endloop
  endfacet
  facet normal 0.000000e+00 0.000000e+00 1.000000e+00
    outer loop
      vertex 0.000000 0.000000 4.000000
      vertex 19.286368 56.815808 4.000000
      vertex 15.529143 57.955550 4.000000
    endloop
  endfacet
  facet normal 2.270763e-01 9.738770e-01 0.000000e+00
    outer loop
      vertex 15.529143 57.955550 0.000000
      vertex 11.705419 58.847117 0.000000
      vertex 11.705419 58.847117 4.000000
    endloop
  endfacet
  facet normal 2.270763e-01 9.738770e-01 -0.000000e+00
    outer loop
      vertex 15.529143 57.955550 0.000000
      vertex 11.705419 58.847117 4.000000
      vertex 15.529143 57.955550 4.000000
    endloop
  endfacet
  facet normal 0.000000e+00 0.000000e+00 -1.000000e+00
    outer loop
      vertex 0.000000 0.000000 0.000000
      vertex 11.705419 58.847117 0.000000
      vertex 15.529143 57.955550 0.000000
    endloop
  endfacet
  facet normal 0.000000e+00 0.000000e+00 1.000000e+00
    outer loop
      vertex 0.000000 0.000000 4.000000
      vertex 15.529143 57.955550 4.000000
      vertex 11.705419 58.847117 4.000000
    endloop
  endfacet
  facet normal 1.628955e-01 9.866433e-01 0.000000e+00
    outer loop
      vertex 11.705419 58.847117 0.000000
      vertex 7.831572 59.486692 0.000000
      vertex 7.831572 59.486692 4.000000
    endloop
  endfacet
  facet normal 1.628955e-01 9.866433e-01 -0.000000e+00
    outer loop
      vertex 11.705419 58.847117 0.000000
      vertex 7.831572 59.486692 4.000000
      vertex 11.705419 58.847117 4.000000
    endloop
  endfacet
  facet normal 0.000000e+00 0.000000e+00 -1.000000e+00
    outer loop
      vertex 0.000000 0.000000 0.000000
      vertex 7.831572 59.486692 0.000000
      vertex 11.705419 58.847117 0.000000
    endloop
  endfacet
  facet normal 0.000000e+00 0.000000e+00 1.000000e+00
    outer loop
      vertex 0.000000 0.000000 4.000000
      vertex 11.705419 58.847117 4.000000
      vertex 7.831572 59.486692 4.000000
    endloop
  endfacet
  facet normal 9.801714e-02 9.951847e-01 0.000000e+00
    outer loop
      vertex 7.831572 59.486692 0.000000
      vertex 3.924188 59.871535 0.000000
      vertex 3.924188 59.871535 4.000000
    endloop
  endfacet
  facet normal 9.801714e-02 9.951847e-01 -0.000000e+00
    outer loop
      vertex 7.831572 59.486692 0.000000
      vertex 3.924188 59.871535 4.000000
      vertex 7.831572 59.486692 4.000000
    endloop
  endfacet
  facet normal 0.000000e+00 0.000000e+00 -1.000000e+00
    outer loop
      vertex 0.000000 0.000000 0.000000
      vertex 3.924188 59.871535 0.000000
      vertex 7.831572 59.486692 0.000000
    endloop
  endfacet
  facet normal 0.000000e+00 0.000000e+00 1.000000e+00
    outer loop
      vertex 0.000000 0.000000 4.000000
      vertex 7.831572 59.486692 4.000000
      vertex 3.924188 59.871535 4.000000
    endloop
  endfacet
  facet normal 3.271908e-02 9.994646e-01 0.000000e+00
    outer loop
      vertex 3.924188 59.871535 0.000000
      vertex 0.000000 60.000000 0.000000
      vertex 0.000000 60.000000 4.000000
    endloop
  endfacet
  facet normal 3.271908e-02 9.994646e-01 -0.000000e+00
    outer loop
      vertex 3.924188 59.871535 0.000000
      vertex 0.000000 60.000000 4.000000
      vertex 3.924188 59.871535 4.000000
    endloop
  endfacet
  facet normal 0.000000e+00 0.000000e+00 -1.000000e+00
    outer loop
      vertex 0.000000 0.000000 0.000000
      vertex 0.000000 60.000000 0.000000
      vertex 3.924188 59.871535 0.000000
    endloop
  endfacet
  facet normal 0.000000e+00 0.000000e+00 1.000000e+00
    outer loop
      vertex 0.000000 0.000000 4.000000
      vertex 3.924188 59.871535 4.000000
      vertex 0.000000 60.000000 4.000000
    endloop
  endfacet
  facet normal -3.271908e-02 9.994646e-01 0.000000e+00
    outer loop
      vertex 0.000000 60.000000 0.000000
      vertex -3.924188 59.871535 0.000000
      vertex -3.924188 59.871535 4.000000
    endloop
  endfacet
  facet normal -3.271908e-02 9.994646e-01 0.000000e+00
    outer loop
      vertex 0.000000 60.000000 0.000000
      vertex -3.924188 59.871535 4.000000
      vertex 0.000000 60.000000 4.000000
    endloop
  endfacet
  facet normal 0.000000e+00 0.000000e+00 -1.000000e+00
    outer loop
      vertex 0.000000 0.000000 0.000000
      vertex -3.924188 59.871535 0.000000
      vertex 0.000000 60.000000 0.000000
    endloop
  endfacet
  facet normal 0.000000e+00 -0.000000e+00 1.000000e+00
    outer loop
      vertex 0.000000 0.000000 4.000000
      vertex 0.000000 60.000000 4.000000
      vertex -3.924188 59.871535 4.000000
    endloop
  endfacet
  facet normal -9.801714e-02 9.951847e-01 0.000000e+00
    outer loop
      vertex -3.924188 59.871535 0.000000
      vertex -7.831572 59.486692 0.000000
      vertex -7.831572 59.486692 4.000000
    endloop
  endfacet
  facet normal -9.801714e-02 9.951847e-01 0.000000e+00
    outer loop
      vertex -3.924188 59.871535 0.000000
      vertex -7.831572 59.486692 4.000000
      vertex -3.924188 59.871535 4.000000
    endloop
  endfacet
  facet normal 0.000000e+00 0.000000e+00 -1.000000e+00
    outer loop
      vertex 0.000000 0.000000 0.000000
      vertex -7.831572 59.486692 0.000000
      vertex -3.924188 59.871535 0.000000
    endloop
  endfacet
  facet normal 0.000000e+00 0.000000e+00 1.000000e+00
    outer loop
      vertex 0.000000 0.000000 4.000000
      vertex -3.924188 59.871535 4.000000
      vertex -7.831572 59.486692 4.000000
    endloop
  endfacet
  facet normal -1.628955e-01 9.866433e-01 0.000000e+00
    outer loop
      vertex -7.831572 59.486692 0.000000
      vertex -11.705419 58.847117 0.000000
      vertex -11.705419 58.847117 4.000000
    endloop
  endfacet
  facet normal -1.628955e-01 9.866433e-01 0.000000e+00
    outer loop
      vertex -7.831572 59.486692 0.000000
      vertex -11.705419 58.847117 4.000000
      vertex -7.831572 59.486692 4.000000
    endloop
  endfacet
  facet normal 0.000000e+00 0.000000e+00 -1.000000e+00
    outer loop
      vertex 0.000000 0.000000 0.000000
      vertex -11.705419 58.847117 0.000000
      vertex -7.831572 59.486692 0.000000
    endloop
  endfacet
  facet normal 0.000000e+00 0.000000e+00 1.000000e+00
    outer loop
      vertex 0.000000 0.000000 4.000000
      vertex -7.831572 59.486692 4.000000
      vertex -11.705419 58.847117 4.000000
    endloop
  endfacet
  facet normal -2.270763e-01 9.738770e-01 0.000000e+00
    outer loop
      vertex -11.705419 58.847117 0.000000
      vertex -15.529143 57.955550 0.000000
      vertex -15.529143 57.955550 4.000000
    endloop
  endfacet
  facet normal -2.270763e-01 9.738770e-01 0.000000e+00
    outer loop
      vertex -11.705419 58.847117 0.000000
      vertex -15.529143 57.955550 4.000000
      vertex -11.705419 58.847117 4.000000
    endloop
  endfacet
  facet normal 0.000000e+00 0.000000e+00 -1.000000e+00
    outer loop
      vertex 0.000000 0.000000 0.000000
      vertex -15.529143 57.955550 0.000000
      vertex -11.705419 58.847117 0.000000
    endloop
  endfacet
  facet normal 0.000000e+00 0.000000e+00 1.000000e+00
    outer loop
      vertex 0.000000 0.000000 4.000000
      vertex -11.705419 58.847117 4.000000
      vertex -15.529143 57.955550 4.000000
    endloop
  endfacet
  facet normal -2.902847e-01 9.569403e-01 0.000000e+00
    outer loop
      vertex -15.529143 57.955550 0.000000
      vertex -19.286368 56.815808 0.000000
      vertex -19.286368 56.815808 4.000000
    endloop
  endfacet
  facet normal -2.902847e-01 9.569403e-01 0.000000e+00
    outer loop
      vertex -15.529143 57.955550 0.000000
      vertex -19.286368 56.815808 4.000000
      vertex -15.529143 57.955550 4.000000
    endloop
  endfacet
  facet normal 0.000000e+00 0.000000e+00 -1.000000e+00
    outer loop
      vertex 0.000000 0.000000 0.000000
      vertex -19.286368 56.815808 0.000000
      vertex -15.529143 57.955550 0.000000
    endloop
  endfacet
  facet normal 0.000000e+00 0.000000e+00 1.000000e+00
    outer loop
      vertex 0.000000 0.000000 4.000000
      vertex -15.529143 57.955550 4.000000
      vertex -19.286368 56.815808 4.000000
    endloop
  endfacet
  facet normal -3.522500e-01 9.359059e-01 0.000000e+00
    outer loop
      vertex -19.286368 56.815808 0.000000
      vertex -22.961006 55.432772 0.000000
      vertex -22.961006 55.432772 4.000000
    endloop
  endfacet
  facet normal -3.522500e-01 9.359059e-01 0.000000e+00
    outer loop
      vertex -19.286368 56.815808 0.000000
      vertex -22.961006 55.432772 4.000000
      vertex -19.286368 56.815808 4.000000
    endloop
  endfacet
  facet normal 0.000000e+00 0.000000e+00 -1.000000e+00
    outer loop
      vertex 0.000000 0.000000 0.000000
      vertex -22.961006 55.432772 0.000000
      vertex -19.286368 56.815808 0.000000
    endloop
  endfacet
  facet normal 0.000000e+00 0.000000e+00 1.000000e+00
    outer loop
      vertex 0.000000 0.000000 4.000000
      vertex -19.286368 56.815808 4.000000
      vertex -22.961006 55.432772 4.000000
    endloop
  endfacet
  facet normal -4.127070e-01 9.108638e-01 0.000000e+00
    outer loop
      vertex -22.961006 55.432772 0.000000
      vertex -26.537321 53.812364 0.000000
      vertex -26.537321 53.812364 4.000000
    endloop
  endfacet
  facet normal -4.127070e-01 9.108638e-01 0.000000e+00
    outer loop
      vertex -22.961006 55.432772 0.000000
      vertex -26.537321 53.812364 4.000000
      vertex -22.961006 55.432772 4.000000
    endloop
  endfacet
  facet normal 0.000000e+00 0.000000e+00 -1.000000e+00
    outer loop
      vertex 0.000000 0.000000 0.000000
      vertex -26.537321 53.812364 0.000000
      vertex -22.961006 55.432772 0.000000
    endloop
  endfacet
  facet normal 0.000000e+00 0.000000e+00 1.000000e+00
    outer loop
      vertex 0.000000 0.000000 4.000000
      vertex -22.961006 55.432772 4.000000
      vertex -26.537321 53.812364 4.000000
    endloop
  endfacet
  facet normal -4.713967e-01 8.819213e-01 0.000000e+00
    outer loop
      vertex -26.537321 53.812364 0.000000
      vertex -30.000000 51.961524 0.000000
      vertex -30.000000 51.961524 4.000000
    endloop
  endfacet
  facet normal -4.713967e-01 8.819213e-01 0.000000e+00
    outer loop
      vertex -26.537321 53.812364 0.000000
      vertex -30.000000 51.961524 4.000000
      vertex -26.537321 53.812364 4.000000
    endloop
  endfacet
  facet normal 0.000000e+00 0.000000e+00 -1.000000e+00
    outer loop
      vertex 0.000000 0.000000 0.000000
      vertex -30.000000 51.961524 0.000000
      vertex -26.537321 53.812364 0.000000
    endloop
  endfacet
  facet normal 0.000000e+00 0.000000e+00 1.000000e+00
    outer loop
      vertex 0.000000 0.000000 4.000000
      vertex -26.537321 53.812364 4.000000
      vertex -30.000000 51.961524 4.000000
    endloop
  endfacet
  facet normal -5.280679e-01 8.492022e-01 0.000000e+00
    outer loop
      vertex -30.000000 51.961524 0.000000
      vertex -33.334214 49.888177 0.000000
      vertex -33.334214 49.888177 4.000000
    endloop
  endfacet
  facet normal -5.280679e-01 8.492022e-01 0.000000e+00
    outer loop
      vertex -30.000000 51.961524 0.000000
      vertex -33.334214 49.888177 4.000000
      vertex -30.000000 51.961524 4.000000
    endloop
  endfacet
  facet normal 0.000000e+00 0.000000e+00 -1.000000e+00
    outer loop
      vertex 0.000000 0.000000 0.000000
      vertex -33.334214 49.888177 0.000000
      vertex -30.000000 51.961524 0.000000
    endloop
  endfacet
  facet normal 0.000000e+00 0.000000e+00 1.000000e+00
    outer loop
      vertex 0.000000 0.000000 4.000000
      vertex -30.000000 51.961524 4.000000
      vertex -33.334214 49.888177 4.000000
    endloop
  endfacet
  facet normal -5.824777e-01 8.128467e-01 0.000000e+00
    outer loop
      vertex -33.334214 49.888177 0.000000
      vertex -36.525686 47.601200 0.000000
      vertex -36.525686 47.601200 4.000000
    endloop
  endfacet
  facet normal -5.824777e-01 8.128467e-01 0.000000e+00
    outer loop
      vertex -33.334214 49.888177 0.000000
      vertex -36.525686 47.601200 4.000000
      vertex -33.334214 49.888177 4.000000
    endloop
  endfacet
  facet normal 0.000000e+00 0.000000e+00 -1.000000e+00
    outer loop
      vertex 0.000000 0.000000 0.000000
      vertex -36.525686 47.601200 0.000000
      vertex -33.334214 49.888177 0.000000
    endloop
  endfacet
  facet normal 0.000000e+00 0.000000e+00 1.000000e+00
    outer loop
      vertex 0.000000 0.000000 4.000000
      vertex -33.334214 49.888177 4.000000
      vertex -36.525686 47.601200 4.000000
    endloop
  endfacet
  facet normal -6.343933e-01 7.730105e-01 0.000000e+00
    outer loop
      vertex -36.525686 47.601200 0.000000
      vertex -39.560749 45.110388 0.000000
      vertex -39.560749 45.110388 4.000000
    endloop
  endfacet
  facet normal -6.343933e-01 7.730105e-01 0.000000e+00
    outer loop
      vertex -36.525686 47.601200 0.000000
      vertex -39.560749 45.110388 4.000000
      vertex -36.525686 47.601200 4.000000
    endloop
  endfacet
  facet normal 0.000000e+00 0.000000e+00 -1.000000e+00
    outer loop
      vertex 0.000000 0.000000 0.000000
      vertex -39.560749 45.110388 0.000000
      vertex -36.525686 47.601200 0.000000
    endloop
  endfacet
  facet normal 0.000000e+00 0.000000e+00 1.000000e+00
    outer loop
      vertex 0.000000 0.000000 4.000000
      vertex -36.525686 47.601200 4.000000
      vertex -39.560749 45.110388 4.000000
    endloop
  endfacet
  facet normal -6.835923e-01 7.298641e-01 0.000000e+00
    outer loop
      vertex -39.560749 45.110388 0.000000
      vertex -42.426407 42.426407 0.000000
      vertex -42.426407 42.426407 4.000000
    endloop
  endfacet
  facet normal -6.835923e-01 7.298641e-01 0.000000e+00
    outer loop
      vertex -39.560749 45.110388 0.000000
      vertex -42.426407 42.426407 4.000000
      vertex -39.560749 45.110388 4.000000
    endloop
  endfacet
  facet normal 0.000000e+00 0.000000e+00 -1.000000e+00
    outer loop
      vertex 0.000000 0.000000 0.000000
      vertex -42.426407 42.426407 0.000000
      vertex -39.560749 45.110388 0.000000
    endloop
  endfacet
  facet normal 0.000000e+00 0.000000e+00 1.000000e+00
    outer loop
      vertex 0.000000 0.000000 4.000000
      vertex -39.560749 45.110388 4.000000
      vertex -42.426407 42.426407 4.000000
    endloop
  endfacet
  facet normal -7.298641e-01 6.835923e-01 0.000000e+00
    outer loop
      vertex -42.426407 42.426407 0.000000
      vertex -45.110388 39.560749 0.000000
      vertex -45.110388 39.560749 4.000000
    endloop
  endfacet
  facet normal -7.298641e-01 6.835923e-01 0.000000e+00
    outer loop
      vertex -42.426407 42.426407 0.000000
      vertex -45.110388 39.560749 4.000000
      vertex -42.426407 42.426407 4.000000
    endloop
  endfacet
  facet normal 0.000000e+00 0.000000e+00 -1.000000e+00
    outer loop
      vertex 0.000000 0.000000 0.000000
      vertex -45.110388 39.560749 0.000000
      vertex -42.426407 42.426407 0.000000
    endloop
  endfacet
  facet normal 0.000000e+00 0.000000e+00 1.000000e+00
    outer loop
      vertex 0.000000 0.000000 4.000000
      vertex -42.426407 42.426407 4.000000
      vertex -45.110388 39.560749 4.000000
    endloop
  endfacet
  facet normal -7.730105e-01 6.343933e-01 0.000000e+00
    outer loop
      vertex -45.110388 39.560749 0.000000
      vertex -47.601200 36.525686 0.000000
      vertex -47.601200 36.525686 4.000000
    endloop
  endfacet
  facet normal -7.730105e-01 6.343933e-01 0.000000e+00
    outer loop
      vertex -45.110388 39.560749 0.000000
      vertex -47.601200 36.525686 4.000000
      vertex -45.110388 39.560749 4.000000
    endloop
  endfacet
  facet normal 0.000000e+00 0.000000e+00 -1.000000e+00
    outer loop
      vertex 0.000000 0.000000 0.000000
      vertex -47.601200 36.525686 0.000000
      vertex -45.110388 39.560749 0.000000
    endloop
  endfacet
  facet normal 0.000000e+00 0.000000e+00 1.000000e+00
    outer loop
      vertex 0.000000 0.000000 4.000000
      vertex -45.110388 39.560749 4.000000
      vertex -47.601200 36.525686 4.000000
    endloop
  endfacet
  facet normal -8.128467e-01 5.824777e-01 0.000000e+00
    outer loop
      vertex -47.601200 36.525686 0.000000
      vertex -49.888177 33.334214 0.000000
      vertex -49.888177 33.334214 4.000000
    endloop
  endfacet
  facet normal -8.128467e-01 5.824777e-01 0.000000e+00
    outer loop
      vertex -47.601200 36.525686 0.000000
      vertex -49.888177 33.334214 4.000000
      vertex -47.601200 36.525686 4.000000
    endloop
  endfacet
  facet normal 0.000000e+00 0.000000e+00 -1.000000e+00
    outer loop
      vertex 0.000000 0.000000 0.000000
      vertex -49.888177 33.334214 0.000000
      vertex -47.601200 36.525686 0.000000
    endloop
  endfacet
  facet normal 0.000000e+00 0.000000e+00 1.000000e+00
    outer loop
      vertex 0.000000 0.000000 4.000000
      vertex -47.601200 36.525686 4.000000
      vertex -49.888177 33.334214 4.000000
    endloop
  endfacet
  facet normal -8.492022e-01 5.280679e-01 0.000000e+00
    outer loop
      vertex -49.888177 33.334214 0.000000
      vertex -51.961524 30.000000 0.000000
      vertex -51.961524 30.000000 4.000000
    endloop
  endfacet
  facet normal -8.492022e-01 5.280679e-01 0.000000e+00
    outer loop
      vertex -49.888177 33.334214 0.000000
      vertex -51.961524 30.000000 4.000000
      vertex -49.888177 33.334214 4.000000
    endloop
  endfacet
  facet normal 0.000000e+00 0.000000e+00 -1.000000e+00
    outer loop
      vertex 0.000000 0.000000 0.000000
      vertex -51.961524 30.000000 0.000000
      vertex -49.888177 33.334214 0.000000
    endloop
  endfacet
  facet normal 0.000000e+00 0.000000e+00 1.000000e+00
    outer loop
      vertex 0.000000 0.000000 4.000000
      vertex -49.888177 33.334214 4.000000
      vertex -51.961524 30.000000 4.000000
    endloop
  endfacet
  facet normal -8.819213e-01 4.713967e-01 0.000000e+00
    outer loop
      vertex -51.961524 30.000000 0.000000
      vertex -53.812364 26.537321 0.000000
      vertex -53.812364 26.537321 4.000000
    endloop
  endfacet
  facet normal -8.819213e-01 4.713967e-01 0.000000e+00
    outer loop
      vertex -51.961524 30.000000 0.000000
      vertex -53.812364 26.537321 4.000000
      vertex -51.961524 30.000000 4.000000
    endloop
  endfacet
  facet normal 0.000000e+00 0.000000e+00 -1.000000e+00
    outer loop
      vertex 0.000000 0.000000 0.000000
      vertex -53.812364 26.537321 0.000000
      vertex -51.961524 30.000000 0.000000
    endloop
  endfacet
  facet normal 0.000000e+00 0.000000e+00 1.000000e+00
    outer loop
      vertex 0.000000 0.000000 4.000000
      vertex -51.961524 30.000000 4.000000
      vertex -53.812364 26.537321 4.000000
    endloop
  endfacet
  facet normal -9.108638e-01 4.127070e-01 0.000000e+00
    outer loop
      vertex -53.812364 26.537321 0.000000
      vertex -55.432772 22.961006 0.000000
      vertex -55.432772 22.961006 4.000000
    endloop
  endfacet
  facet normal -9.108638e-01 4.127070e-01 0.000000e+00
    outer loop
      vertex -53.812364 26.537321 0.000000
      vertex -55.432772 22.961006 4.000000
      vertex -53.812364 26.537321 4.000000
    endloop
  endfacet
  facet normal 0.000000e+00 0.000000e+00 -1.000000e+00
    outer loop
      vertex 0.000000 0.000000 0.000000
      vertex -55.432772 22.961006 0.000000
      vertex -53.812364 26.537321 0.000000
    endloop
  endfacet
  facet normal 0.000000e+00 0.000000e+00 1.000000e+00
    outer loop
      vertex 0.000000 0.000000 4.000000
      vertex -53.812364 26.537321 4.000000
      vertex -55.432772 22.961006 4.000000
    endloop
  endfacet
  facet normal -9.359059e-01 3.522500e-01 0.000000e+00
    outer loop
      vertex -55.432772 22.961006 0.000000
      vertex -56.815808 19.286368 0.000000
      vertex -56.815808 19.286368 4.000000
    endloop
  endfacet
  facet normal -9.359059e-01 3.522500e-01 0.000000e+00
    outer loop
      vertex -55.432772 22.961006 0.000000
      vertex -56.815808 19.286368 4.000000
      vertex -55.432772 22.961006 4.000000
    endloop
  endfacet
  facet normal 0.000000e+00 0.000000e+00 -1.000000e+00
    outer loop
      vertex 0.000000 0.000000 0.000000
      vertex -56.815808 19.286368 0.000000
      vertex -55.432772 22.961006 0.000000
    endloop
  endfacet
  facet normal 0.000000e+00 0.000000e+00 1.000000e+00
    outer loop
      vertex 0.000000 0.000000 4.000000
      vertex -55.432772 22.961006 4.000000
      vertex -56.815808 19.286368 4.000000
    endloop
  endfacet
  facet normal -9.569403e-01 2.902847e-01 0.000000e+00
    outer loop
      vertex -56.815808 19.286368 0.000000
      vertex -57.955550 15.529143 0.000000
      vertex -57.955550 15.529143 4.000000
    endloop
  endfacet
  facet normal -9.569403e-01 2.902847e-01 0.000000e+00
    outer loop
      vertex -56.815808 19.286368 0.000000
      vertex -57.955550 15.529143 4.000000
      vertex -56.815808 19.286368 4.000000
    endloop
  endfacet
  facet normal 0.000000e+00 0.000000e+00 -1.000000e+00
    outer loop
      vertex 0.000000 0.000000 0.000000
      vertex -57.955550 15.529143 0.000000
      vertex -56.815808 19.286368 0.000000
    endloop
  endfacet
  facet normal 0.000000e+00 0.000000e+00 1.000000e+00
    outer loop
      vertex 0.000000 0.000000 4.000000
      vertex -56.815808 19.286368 4.000000
      vertex -57.955550 15.529143 4.000000
    endloop
  endfacet
  facet normal -9.738770e-01 2.270763e-01 0.000000e+00
    outer loop
      vertex -57.955550 15.529143 0.000000
      vertex -58.847117 11.705419 0.000000
      vertex -58.847117 11.705419 4.000000
    endloop
  endfacet
  facet normal -9.738770e-01 2.270763e-01 0.000000e+00
    outer loop
      vertex -57.955550 15.529143 0.000000
      vertex -58.847117 11.705419 4.000000
      vertex -57.955550 15.529143 4.000000
    endloop
  endfacet
  facet normal 0.000000e+00 0.000000e+00 -1.000000e+00
    outer loop
      vertex 0.000000 0.000000 0.000000
      vertex -58.847117 11.705419 0.000000
      vertex -57.955550 15.529143 0.000000
    endloop
  endfacet
  facet normal 0.000000e+00 0.000000e+00 1.000000e+00
    outer loop
      vertex 0.000000 0.000000 4.000000
      vertex -57.955550 15.529143 4.000000
      vertex -58.847117 11.705419 4.000000
    endloop
  endfacet
  facet normal -9.866433e-01 1.628955e-01 0.000000e+00
    outer loop
      vertex -58.847117 11.705419 0.000000
      vertex -59.486692 7.831572 0.000000
      vertex -59.486692 7.831572 4.000000
    endloop
  endfacet
  facet normal -9.866433e-01 1.628955e-01 0.000000e+00
    outer loop
      vertex -58.847117 11.705419 0.000000
      vertex -59.486692 7.831572 4.000000
      vertex -58.847117 11.705419 4.000000
    endloop
  endfacet
  facet normal 0.000000e+00 0.000000e+00 -1.000000e+00
    outer loop
      vertex 0.000000 0.000000 0.000000
      vertex -59.486692 7.831572 0.000000
      vertex -58.847117 11.705419 0.000000
    endloop
  endfacet
  facet normal 0.000000e+00 0.000000e+00 1.000000e+00
    outer loop
      vertex 0.000000 0.000000 4.000000
      vertex -58.847117 11.705419 4.000000
      vertex -59.486692 7.831572 4.000000
    endloop
  endfacet
  facet normal -9.951847e-01 9.801714e-02 0.000000e+00
    outer loop
      vertex -59.486692 7.831572 0.000000
      vertex -59.871535 3.924188 0.000000
      vertex -59.871535 3.924188 4.000000
    endloop
  endfacet
  facet normal -9.951847e-01 9.801714e-02 0.000000e+00
    outer loop
      vertex -59.486692 7.831572 0.000000
      vertex -59.871535 3.924188 4.000000
      vertex -59.486692 7.831572 4.000000
    endloop
  endfacet
  facet normal 0.000000e+00 0.000000e+00 -1.000000e+00
    outer loop
      vertex 0.000000 0.000000 0.000000
      vertex -59.871535 3.924188 0.000000
      vertex -59.486692 7.831572 0.000000
    endloop
  endfacet
  facet normal 0.000000e+00 0.000000e+00 1.000000e+00
    outer loop
      vertex 0.000000 0.000000 4.000000
      vertex -59.486692 7.831572 4.000000
      vertex -59.871535 3.924188 4.000000
    endloop
  endfacet
  facet normal -9.994646e-01 3.271908e-02 0.000000e+00
    outer loop
      vertex -59.871535 3.924188 0.000000
      vertex -60.000000 0.000000 0.000000
      vertex -60.000000 0.000000 4.000000
    endloop
  endfacet
  facet normal -9.994646e-01 3.271908e-02 0.000000e+00
    outer loop
      vertex -59.871535 3.924188 0.000000
      vertex -60.000000 0.000000 4.000000
      vertex -59.871535 3.924188 4.000000
    endloop
  endfacet
  facet normal 0.000000e+00 0.000000e+00 -1.000000e+00
    outer loop
      vertex 0.000000 0.000000 0.000000
      vertex -60.000000 0.000000 0.000000
      vertex -59.871535 3.924188 0.000000
    endloop
  endfacet
  facet normal 0.000000e+00 0.000000e+00 1.000000e+00
    outer loop
      vertex 0.000000 0.000000 4.000000
      vertex -59.871535 3.924188 4.000000
      vertex -60.000000 0.000000 4.000000
    endloop
  endfacet
  facet normal -9.994646e-01 -3.271908e-02 0.000000e+00
    outer loop
      vertex -60.000000 0.000000 0.000000
      vertex -59.871535 -3.924188 0.000000
      vertex -59.871535 -3.924188 4.000000
    endloop
  endfacet
  facet normal -9.994646e-01 -3.271908e-02 0.000000e+00
    outer loop
      vertex -60.000000 0.000000 0.000000
      vertex -59.871535 -3.924188 4.000000
      vertex -60.000000 0.000000 4.000000
    endloop
  endfacet
  facet normal -0.000000e+00 0.000000e+00 -1.000000e+00
    outer loop
      vertex 0.000000 0.000000 0.000000
      vertex -59.871535 -3.924188 0.000000
      vertex -60.000000 0.000000 0.000000
    endloop
  endfacet
  facet normal 0.000000e+00 0.000000e+00 1.000000e+00
    outer loop
      vertex 0.000000 0.000000 4.000000
      vertex -60.000000 0.000000 4.000000
      vertex -59.871535 -3.924188 4.000000
    endloop
  endfacet
  facet normal -9.951847e-01 -9.801714e-02 0.000000e+00
    outer loop
      vertex -59.871535 -3.924188 0.000000
      vertex -59.486692 -7.831572 0.000000
      vertex -59.486692 -7.831572 4.000000
    endloop
  endfacet
  facet normal -9.951847e-01 -9.801714e-02 0.000000e+00
    outer loop
      vertex -59.871535 -3.924188 0.000000
      vertex -59.486692 -7.831572 4.000000
      vertex -59.871535 -3.924188 4.000000
    endloop
  endfacet
  facet normal 0.000000e+00 0.000000e+00 -1.000000e+00
    outer loop
      vertex 0.000000 0.000000 0.000000
      vertex -59.486692 -7.831572 0.000000
      vertex -59.871535 -3.924188 0.000000
    endloop
  endfacet
  facet normal 0.000000e+00 0.000000e+00 1.000000e+00
    outer loop
      vertex 0.000000 0.000000 4.000000
      vertex -59.871535 -3.924188 4.000000
      vertex -59.486692 -7.831572 4.000000
    endloop
  endfacet
  facet normal -9.866433e-01 -1.628955e-01 0.000000e+00
    outer loop
      vertex -59.486692 -7.831572 0.000000
      vertex -58.847117 -11.705419 0.000000
      vertex -58.847117 -11.705419 4.000000
    endloop
  endfacet
  facet normal -9.866433e-01 -1.628955e-01 0.000000e+00
    outer loop
      vertex -59.486692 -7.831572 0.000000
      vertex -58.847117 -11.705419 4.000000
      vertex -59.486692 -7.831572 4.000000
    endloop
  endfacet
  facet normal 0.000000e+00 0.000000e+00 -1.000000e+00
    outer loop
      vertex 0.000000 0.000000 0.000000
      vertex -58.847117 -11.705419 0.000000
      vertex -59.486692 -7.831572 0.000000
    endloop
  endfacet
  facet normal 0.000000e+00 0.000000e+00 1.000000e+00
    outer loop
      vertex 0.000000 0.000000 4.000000
      vertex -59.486692 -7.831572 4.000000
      vertex -58.847117 -11.705419 4.000000
    endloop
  endfacet
  facet normal -9.738770e-01 -2.270763e-01 0.000000e+00
    outer loop
      vertex -58.847117 -11.705419 0.000000
      vertex -57.955550 -15.529143 0.000000
      vertex -57.955550 -15.529143 4.000000
    endloop
  endfacet
  facet normal -9.738770e-01 -2.270763e-01 0.000000e+00
    outer loop
      vertex -58.847117 -11.705419 0.000000
      vertex -57.955550 -15.529143 4.000000
      vertex -58.847117 -11.705419 4.000000
    endloop
  endfacet
  facet normal 0.000000e+00 0.000000e+00 -1.000000e+00
    outer loop
      vertex 0.000000 0.000000 0.000000
      vertex -57.955550 -15.529143 0.000000
      vertex -58.847117 -11.705419 0.000000
    endloop
  endfacet
  facet normal 0.000000e+00 0.000000e+00 1.000000e+00
    outer loop
      vertex 0.000000 0.000000 4.000000
      vertex -58.847117 -11.705419 4.000000
      vertex -57.955550 -15.529143 4.000000
    endloop
  endfacet
  facet normal -9.569403e-01 -2.902847e-01 0.000000e+00
    outer loop
      vertex -57.955550 -15.529143 0.000000
      vertex -56.815808 -19.286368 0.000000
      vertex -56.815808 -19.286368 4.000000
    endloop
  endfacet
  facet normal -9.569403e-01 -2.902847e-01 0.000000e+00
    outer loop
      vertex -57.955550 -15.529143 0.000000
      vertex -56.815808 -19.286368 4.000000
      vertex -57.955550 -15.529143 4.000000
    endloop
  endfacet
  facet normal 0.000000e+00 0.000000e+00 -1.000000e+00
    outer loop
      vertex 0.000000 0.000000 0.000000
      vertex -56.815808 -19.286368 0.000000
      vertex -57.955550 -15.529143 0.000000
    endloop
  endfacet
  facet normal 0.000000e+00 0.000000e+00 1.000000e+00
    outer loop
      vertex 0.000000 0.000000 4.000000
      vertex -57.955550 -15.529143 4.000000
      vertex -56.815808 -19.286368 4.000000
    endloop
  endfacet
  facet normal -9.359059e-01 -3.522500e-01 0.000000e+00
    outer loop
      vertex -56.815808 -19.286368 0.000000
      vertex -55.432772 -22.961006 0.000000
      vertex -55.432772 -22.961006 4.000000
    endloop
  endfacet
  facet normal -9.359059e-01 -3.522500e-01 0.000000e+00
    outer loop
      vertex -56.815808 -19.286368 0.000000
      vertex -55.432772 -22.961006 4.000000
      vertex -56.815808 -19.286368 4.000000
    endloop
  endfacet
  facet normal 0.000000e+00 0.000000e+00 -1.000000e+00
    outer loop
      vertex 0.000000 0.000000 0.000000
      vertex -55.432772 -22.961006 0.000000
      vertex -56.815808 -19.286368 0.000000
    endloop
  endfacet
  facet normal 0.000000e+00 0.000000e+00 1.000000e+00
    outer loop
      vertex 0.000000 0.000000 4.000000
      vertex -56.815808 -19.286368 4.000000
      vertex -55.432772 -22.961006 4.000000
    endloop
  endfacet
  facet normal -9.108638e-01 -4.127070e-01 0.000000e+00
    outer loop
      vertex -55.432772 -22.961006 0.000000
      vertex -53.812364 -26.537321 0.000000
      vertex -53.812364 -26.537321 4.000000
    endloop
  endfacet
  facet normal -9.108638e-01 -4.127070e-01 0.000000e+00
    outer loop
      vertex -55.432772 -22.961006 0.000000
      vertex -53.812364 -26.537321 4.000000
      vertex -55.432772 -22.961006 4.000000
    endloop
  endfacet
  facet normal 0.000000e+00 0.000000e+00 -1.000000e+00
    outer loop
      vertex 0.000000 0.000000 0.000000
      vertex -53.812364 -26.537321 0.000000
      vertex -55.432772 -22.961006 0.000000
    endloop
  endfacet
  facet normal 0.000000e+00 0.000000e+00 1.000000e+00
    outer loop
      vertex 0.000000 0.000000 4.000000
      vertex -55.432772 -22.961006 4.000000
      vertex -53.812364 -26.537321 4.000000
    endloop
  endfacet
  facet normal -8.819213e-01 -4.713967e-01 0.000000e+00
    outer loop
      vertex -53.812364 -26.537321 0.000000
      vertex -51.961524 -30.000000 0.000000
      vertex -51.961524 -30.000000 4.000000
    endloop
  endfacet
  facet normal -8.819213e-01 -4.713967e-01 0.000000e+00
    outer loop
      vertex -53.812364 -26.537321 0.000000
      vertex -51.961524 -30.000000 4.000000
      vertex -53.812364 -26.537321 4.000000
    endloop
  endfacet
  facet normal 0.000000e+00 0.000000e+00 -1.000000e+00
    outer loop
      vertex 0.000000 0.000000 0.000000
      vertex -51.961524 -30.000000 0.000000
      vertex -53.812364 -26.537321 0.000000
    endloop
  endfacet
  facet normal 0.000000e+00 0.000000e+00 1.000000e+00
    outer loop
      vertex 0.000000 0.000000 4.000000
      vertex -53.812364 -26.537321 4.000000
      vertex -51.961524 -30.000000 4.000000
    endloop
  endfacet
  facet normal -8.492022e-01 -5.280679e-01 0.000000e+00
    outer loop
      vertex -51.961524 -30.000000 0.000000
      vertex -49.888177 -33.334214 0.000000
      vertex -49.888177 -33.334214 4.000000
    endloop
  endfacet
  facet normal -8.492022e-01 -5.280679e-01 0.000000e+00
    outer loop
      vertex -51.961524 -30.000000 0.000000
      vertex -49.888177 -33.334214 4.000000
      vertex -51.961524 -30.000000 4.000000
    endloop
  endfacet
  facet normal 0.000000e+00 0.000000e+00 -1.000000e+00
    outer loop
      vertex 0.000000 0.000000 0.000000
      vertex -49.888177 -33.334214 0.000000
      vertex -51.961524 -30.000000 0.000000
    endloop
  endfacet
  facet normal 0.000000e+00 0.000000e+00 1.000000e+00
    outer loop
      vertex 0.000000 0.000000 4.000000
      vertex -51.961524 -30.000000 4.000000
      vertex -49.888177 -33.334214 4.000000
    endloop
  endfacet
  facet normal -8.128467e-01 -5.824777e-01 0.000000e+00
    outer loop
      vertex -49.888177 -33.334214 0.000000
      vertex -47.601200 -36.525686 0.000000
      vertex -47.601200 -36.525686 4.000000
    endloop
  endfacet
  facet normal -8.128467e-01 -5.824777e-01 0.000000e+00
    outer loop
      vertex -49.888177 -33.334214 0.000000
      vertex -47.601200 -36.525686 4.000000
      vertex -49.888177 -33.334214 4.000000
    endloop
  endfacet
  facet normal 0.000000e+00 0.000000e+00 -1.000000e+00
    outer loop
      vertex 0.000000 0.000000 0.000000
      vertex -47.601200 -36.525686 0.000000
      vertex -49.888177 -33.334214 0.000000
    endloop
  endfacet
  facet normal 0.000000e+00 0.000000e+00 1.000000e+00
    outer loop
      vertex 0.000000 0.000000 4.000000
      vertex -49.888177 -33.334214 4.000000
      vertex -47.601200 -36.525686 4.000000
    endloop
  endfacet
  facet normal -7.730105e-01 -6.343933e-01 0.000000e+00
    outer loop
      vertex -47.601200 -36.525686 0.000000
      vertex -45.110388 -39.560749 0.000000
      vertex -45.110388 -39.560749 4.000000
    endloop
  endfacet
  facet normal -7.730105e-01 -6.343933e-01 0.000000e+00
    outer loop
      vertex -47.601200 -36.525686 0.000000
      vertex -45.110388 -39.560749 4.000000
      vertex -47.601200 -36.525686 4.000000
    endloop
  endfacet
  facet normal 0.000000e+00 0.000000e+00 -1.000000e+00
    outer loop
      vertex 0.000000 0.000000 0.000000
      vertex -45.110388 -39.560749 0.000000
      vertex -47.601200 -36.525686 0.000000
    endloop
  endfacet
  facet normal 0.000000e+00 0.000000e+00 1.000000e+00
    outer loop
      vertex 0.000000 0.000000 4.000000
      vertex -47.601200 -36.525686 4.000000
      vertex -45.110388 -39.560749 4.000000
    endloop
  endfacet
  facet normal -7.298641e-01 -6.835923e-01 0.000000e+00
    outer loop
      vertex -45.110388 -39.560749 0.000000
      vertex -42.426407 -42.426407 0.000000
      vertex -42.426407 -42.426407 4.000000
    endloop
  endfacet
  facet normal -7.298641e-01 -6.835923e-01 0.000000e+00
    outer loop
      vertex -45.110388 -39.560749 0.000000
      vertex -42.426407 -42.426407 4.000000
      vertex -45.110388 -39.560749 4.000000
    endloop
  endfacet
  facet normal 0.000000e+00 0.000000e+00 -1.000000e+00
    outer loop
      vertex 0.000000 0.000000 0.000000
      vertex -42.426407 -42.426407 0.000000
      vertex -45.110388 -39.560749 0.000000
    endloop
  endfacet
  facet normal 0.000000e+00 0.000000e+00 1.000000e+00
    outer loop
      vertex 0.000000 0.000000 4.000000
      vertex -45.110388 -39.560749 4.000000
      vertex -42.426407 -42.426407 4.000000
    endloop
  endfacet
  facet normal -6.835923e-01 -7.298641e-01 0.000000e+00
    outer loop
      vertex -42.426407 -42.426407 0.000000
      vertex -39.560749 -45.110388 0.000000
      vertex -39.560749 -45.110388 4.000000
    endloop
  endfacet
  facet normal -6.835923e-01 -7.298641e-01 0.000000e+00
    outer loop
      vertex -42.426407 -42.426407 0.000000
      vertex -39.560749 -45.110388 4.000000
      vertex -42.426407 -42.426407 4.000000
    endloop
  endfacet
  facet normal 0.000000e+00 0.000000e+00 -1.000000e+00
    outer loop
      vertex 0.000000 0.000000 0.000000
      vertex -39.560749 -45.110388 0.000000
      vertex -42.426407 -42.426407 0.000000
    endloop
  endfacet
  facet normal 0.000000e+00 0.000000e+00 1.000000e+00
    outer loop
      vertex 0.000000 0.000000 4.000000
      vertex -42.426407 -42.426407 4.000000
      vertex -39.560749 -45.110388 4.000000
    endloop
  endfacet
  facet normal -6.343933e-01 -7.730105e-01 0.000000e+00
    outer loop
      vertex -39.560749 -45.110388 0.000000
      vertex -36.525686 -47.601200 0.000000
      vertex -36.525686 -47.601200 4.000000
    endloop
  endfacet
  facet normal -6.343933e-01 -7.730105e-01 0.000000e+00
    outer loop
      vertex -39.560749 -45.110388 0.000000
      vertex -36.525686 -47.601200 4.000000
      vertex -39.560749 -45.110388 4.000000
    endloop
  endfacet
  facet normal 0.000000e+00 0.000000e+00 -1.000000e+00
    outer loop
      vertex 0.000000 0.000000 0.000000
      vertex -36.525686 -47.601200 0.000000
      vertex -39.560749 -45.110388 0.000000
    endloop
  endfacet
  facet normal 0.000000e+00 0.000000e+00 1.000000e+00
    outer loop
      vertex 0.000000 0.000000 4.000000
      vertex -39.560749 -45.110388 4.000000
      vertex -36.525686 -47.601200 4.000000
    endloop
  endfacet
  facet normal -5.824777e-01 -8.128467e-01 0.000000e+00
    outer loop
      vertex -36.525686 -47.601200 0.000000
      vertex -33.334214 -49.888177 0.000000
      vertex -33.334214 -49.888177 4.000000
    endloop
  endfacet
  facet normal -5.824777e-01 -8.128467e-01 0.000000e+00
    outer loop
      vertex -36.525686 -47.601200 0.000000
      vertex -33.334214 -49.888177 4.000000
      vertex -36.525686 -47.601200 4.000000
    endloop
  endfacet
  facet normal 0.000000e+00 0.000000e+00 -1.000000e+00
    outer loop
      vertex 0.000000 0.000000 0.000000
      vertex -33.334214 -49.888177 0.000000
      vertex -36.525686 -47.601200 0.000000
    endloop
  endfacet
  facet normal 0.000000e+00 0.000000e+00 1.000000e+00
    outer loop
      vertex 0.000000 0.000000 4.000000
      vertex -36.525686 -47.601200 4.000000
      vertex -33.334214 -49.888177 4.000000
    endloop
  endfacet
  facet normal -5.280679e-01 -8.492022e-01 0.000000e+00
    outer loop
      vertex -33.334214 -49.888177 0.000000
      vertex -30.000000 -51.961524 0.000000
      vertex -30.000000 -51.961524 4.000000
    endloop
  endfacet
  facet normal -5.280679e-01 -8.492022e-01 0.000000e+00
    outer loop
      vertex -33.334214 -49.888177 0.000000
      vertex -30.000000 -51.961524 4.000000
      vertex -33.334214 -49.888177 4.000000
    endloop
  endfacet
  facet normal 0.000000e+00 0.000000e+00 -1.000000e+00
    outer loop
      vertex 0.000000 0.000000 0.000000
      vertex -30.000000 -51.961524 0.000000
      vertex -33.334214 -49.888177 0.000000
    endloop
  endfacet
  facet normal 0.000000e+00 0.000000e+00 1.000000e+00
    outer loop
      vertex 0.000000 0.000000 4.000000
      vertex -33.334214 -49.888177 4.000000
      vertex -30.000000 -51.961524 4.000000
    endloop
  endfacet
  facet normal -4.713967e-01 -8.819213e-01 0.000000e+00
    outer loop
      vertex -30.000000 -51.961524 0.000000
      vertex -26.537321 -53.812364 0.000000
      vertex -26.537321 -53.812364 4.000000
    endloop
  endfacet
  facet normal -4.713967e-01 -8.819213e-01 0.000000e+00
    outer loop
      vertex -30.000000 -51.961524 0.000000
      vertex -26.537321 -53.812364 4.000000
      vertex -30.000000 -51.961524 4.000000
    endloop
  endfacet
  facet normal 0.000000e+00 0.000000e+00 -1.000000e+00
    outer loop
      vertex 0.000000 0.000000 0.000000
      vertex -26.537321 -53.812364 0.000000
      vertex -30.000000 -51.961524 0.000000
    endloop
  endfacet
  facet normal 0.000000e+00 0.000000e+00 1.000000e+00
    outer loop
      vertex 0.000000 0.000000 4.000000
      vertex -30.000000 -51.961524 4.000000
      vertex -26.537321 -53.812364 4.000000
    endloop
  endfacet
  facet normal -4.127070e-01 -9.108638e-01 0.000000e+00
    outer loop
      vertex -26.537321 -53.812364 0.000000
      vertex -22.961006 -55.432772 0.000000
      vertex -22.961006 -55.432772 4.000000
    endloop
  endfacet
  facet normal -4.127070e-01 -9.108638e-01 0.000000e+00
    outer loop
      vertex -26.537321 -53.812364 0.000000
      vertex -22.961006 -55.432772 4.000000
      vertex -26.537321 -53.812364 4.000000
    endloop
  endfacet
  facet normal 0.000000e+00 0.000000e+00 -1.000000e+00
    outer loop
      vertex 0.000000 0.000000 0.000000
      vertex -22.961006 -55.432772 0.000000
      vertex -26.537321 -53.812364 0.000000
    endloop
  endfacet
  facet normal 0.000000e+00 0.000000e+00 1.000000e+00
    outer loop
      vertex 0.000000 0.000000 4.000000
      vertex -26.537321 -53.812364 4.000000
      vertex -22.961006 -55.432772 4.000000
    endloop
  endfacet
  facet normal -3.522500e-01 -9.359059e-01 0.000000e+00
    outer loop
      vertex -22.961006 -55.432772 0.000000
      vertex -19.286368 -56.815808 0.000000
      vertex -19.286368 -56.815808 4.000000
    endloop
  endfacet
  facet normal -3.522500e-01 -9.359059e-01 0.000000e+00
    outer loop
      vertex -22.961006 -55.432772 0.000000
      vertex -19.286368 -56.815808 4.000000
      vertex -22.961006 -55.432772 4.000000
    endloop
  endfacet
  facet normal 0.000000e+00 0.000000e+00 -1.000000e+00
    outer loop
      vertex 0.000000 0.000000 0.000000
      vertex -19.286368 -56.815808 0.000000
      vertex -22.961006 -55.432772 0.000000
    endloop
  endfacet
  facet normal 0.000000e+00 0.000000e+00 1.000000e+00
    outer loop
      vertex 0.000000 0.000000 4.000000
      vertex -22.961006 -55.432772 4.000000
      vertex -19.286368 -56.815808 4.000000
    endloop
  endfacet
  facet normal -2.902847e-01 -9.569403e-01 0.000000e+00
    outer loop
      vertex -19.286368 -56.815808 0.000000
      vertex -15.529143 -57.955550 0.000000
      vertex -15.529143 -57.955550 4.000000
    endloop
  endfacet
  facet normal -2.902847e-01 -9.569403e-01 0.000000e+00
    outer loop
      vertex -19.286368 -56.815808 0.000000
      vertex -15.529143 -57.955550 4.000000
      vertex -19.286368 -56.815808 4.000000
    endloop
  endfacet
  facet normal 0.000000e+00 0.000000e+00 -1.000000e+00
    outer loop
      vertex 0.000000 0.000000 0.000000
      vertex -15.529143 -57.955550 0.000000
      vertex -19.286368 -56.815808 0.000000
    endloop
  endfacet
  facet normal 0.000000e+00 0.000000e+00 1.000000e+00
    outer loop
      vertex 0.000000 0.000000 4.000000
      vertex -19.286368 -56.815808 4.000000
      vertex -15.529143 -57.955550 4.000000
    endloop
  endfacet
  facet normal -2.270763e-01 -9.738770e-01 0.000000e+00
    outer loop
      vertex -15.529143 -57.955550 0.000000
      vertex -11.705419 -58.847117 0.000000
      vertex -11.705419 -58.847117 4.000000
    endloop
  endfacet
  facet normal -2.270763e-01 -9.738770e-01 0.000000e+00
    outer loop
      vertex -15.529143 -57.955550 0.000000
      vertex -11.705419 -58.847117 4.000000
      vertex -15.529143 -57.955550 4.000000
    endloop
  endfacet
  facet normal 0.000000e+00 0.000000e+00 -1.000000e+00
    outer loop
      vertex 0.000000 0.000000 0.000000
      vertex -11.705419 -58.847117 0.000000
      vertex -15.529143 -57.955550 0.000000
    endloop
  endfacet
  facet normal 0.000000e+00 0.000000e+00 1.000000e+00
    outer loop
      vertex 0.000000 0.000000 4.000000
      vertex -15.529143 -57.955550 4.000000
      vertex -11.705419 -58.847117 4.000000
    endloop
  endfacet
  facet normal -1.628955e-01 -9.866433e-01 0.000000e+00
    outer loop
      vertex -11.705419 -58.847117 0.000000
      vertex -7.831572 -59.486692 0.000000
      vertex -7.831572 -59.486692 4.000000
    endloop
  endfacet
  facet normal -1.628955e-01 -9.866433e-01 0.000000e+00
    outer loop
      vertex -11.705419 -58.847117 0.000000
      vertex -7.831572 -59.486692 4.000000
      vertex -11.705419 -58.847117 4.000000
    endloop
  endfacet
  facet normal 0.000000e+00 0.000000e+00 -1.000000e+00
    outer loop
      vertex 0.000000 0.000000 0.000000
      vertex -7.831572 -59.486692 0.000000
      vertex -11.705419 -58.847117 0.000000
    endloop
  endfacet
  facet normal 0.000000e+00 0.000000e+00 1.000000e+00
    outer loop
      vertex 0.000000 0.000000 4.000000
      vertex -11.705419 -58.847117 4.000000
      vertex -7.831572 -59.486692 4.000000
    endloop
  endfacet
  facet normal -9.801714e-02 -9.951847e-01 0.000000e+00
    outer loop
      vertex -7.831572 -59.486692 0.000000
      vertex -3.924188 -59.871535 0.000000
      vertex -3.924188 -59.871535 4.000000
    endloop
  endfacet
  facet normal -9.801714e-02 -9.951847e-01 0.000000e+00
    outer loop
      vertex -7.831572 -59.486692 0.000000
      vertex -3.924188 -59.871535 4.000000
      vertex -7.831572 -59.486692 4.000000
    endloop
  endfacet
  facet normal 0.000000e+00 0.000000e+00 -1.000000e+00
    outer loop
      vertex 0.000000 0.000000 0.000000
      vertex -3.924188 -59.871535 0.000000
      vertex -7.831572 -59.486692 0.000000
    endloop
  endfacet
  facet normal 0.000000e+00 0.000000e+00 1.000000e+00
    outer loop
      vertex 0.000000 0.000000 4.000000
      vertex -7.831572 -59.486692 4.000000
      vertex -3.924188 -59.871535 4.000000
    endloop
  endfacet
  facet normal -3.271908e-02 -9.994646e-01 0.000000e+00
    outer loop
      vertex -3.924188 -59.871535 0.000000
      vertex -0.000000 -60.000000 0.000000
      vertex -0.000000 -60.000000 4.000000
    endloop
  endfacet
  facet normal -3.271908e-02 -9.994646e-01 0.000000e+00
    outer loop
      vertex -3.924188 -59.871535 0.000000
      vertex -0.000000 -60.000000 4.000000
      vertex -3.924188 -59.871535 4.000000
    endloop
  endfacet
  facet normal 0.000000e+00 0.000000e+00 -1.000000e+00
    outer loop
      vertex 0.000000 0.000000 0.000000
      vertex -0.000000 -60.000000 0.000000
      vertex -3.924188 -59.871535 0.000000
    endloop
  endfacet
  facet normal 0.000000e+00 0.000000e+00 1.000000e+00
    outer loop
      vertex 0.000000 0.000000 4.000000
      vertex -3.924188 -59.871535 4.000000
      vertex -0.000000 -60.000000 4.000000
    endloop
  endfacet
  facet normal 3.271908e-02 -9.994646e-01 0.000000e+00
    outer loop
      vertex -0.000000 -60.000000 0.000000
      vertex 3.924188 -59.871535 0.000000
      vertex 3.924188 -59.871535 4.000000
    endloop
  endfacet
  facet normal 3.271908e-02 -9.994646e-01 0.000000e+00
    outer loop
      vertex -0.000000 -60.000000 0.000000
      vertex 3.924188 -59.871535 4.000000
      vertex -0.000000 -60.000000 4.000000
    endloop
  endfacet
  facet normal 0.000000e+00 -0.000000e+00 -1.000000e+00
    outer loop
      vertex 0.000000 0.000000 0.000000
      vertex 3.924188 -59.871535 0.000000
      vertex -0.000000 -60.000000 0.000000
    endloop
  endfacet
  facet normal 0.000000e+00 0.000000e+00 1.000000e+00
    outer loop
      vertex 0.000000 0.000000 4.000000
      vertex -0.000000 -60.000000 4.000000
      vertex 3.924188 -59.871535 4.000000
    endloop
  endfacet
  facet normal 9.801714e-02 -9.951847e-01 0.000000e+00
    outer loop
      vertex 3.924188 -59.871535 0.000000
      vertex 7.831572 -59.486692 0.000000
      vertex 7.831572 -59.486692 4.000000
    endloop
  endfacet
  facet normal 9.801714e-02 -9.951847e-01 0.000000e+00
    outer loop
      vertex 3.924188 -59.871535 0.000000
      vertex 7.831572 -59.486692 4.000000
      vertex 3.924188 -59.871535 4.000000
    endloop
  endfacet
  facet normal 0.000000e+00 0.000000e+00 -1.000000e+00
    outer loop
      vertex 0.000000 0.000000 0.000000
      vertex 7.831572 -59.486692 0.000000
      vertex 3.924188 -59.871535 0.000000
    endloop
  endfacet
  facet normal 0.000000e+00 0.000000e+00 1.000000e+00
    outer loop
      vertex 0.000000 0.000000 4.000000
      vertex 3.924188 -59.871535 4.000000
      vertex 7.831572 -59.486692 4.000000
    endloop
  endfacet
  facet normal 1.628955e-01 -9.866433e-01 0.000000e+00
    outer loop
      vertex 7.831572 -59.486692 0.000000
      vertex 11.705419 -58.847117 0.000000
      vertex 11.705419 -58.847117 4.000000
    endloop
  endfacet
  facet normal 1.628955e-01 -9.866433e-01 0.000000e+00
    outer loop
      vertex 7.831572 -59.486692 0.000000
      vertex 11.705419 -58.847117 4.000000
      vertex 7.831572 -59.486692 4.000000
    endloop
  endfacet
  facet normal 0.000000e+00 0.000000e+00 -1.000000e+00
    outer loop
      vertex 0.000000 0.000000 0.000000
      vertex 11.705419 -58.847117 0.000000
      vertex 7.831572 -59.486692 0.000000
    endloop
  endfacet
  facet normal 0.000000e+00 0.000000e+00 1.000000e+00
    outer loop
      vertex 0.000000 0.000000 4.000000
      vertex 7.831572 -59.486692 4.000000
      vertex 11.705419 -58.847117 4.000000
    endloop
  endfacet
  facet normal 2.270763e-01 -9.738770e-01 0.000000e+00
    outer loop
      vertex 11.705419 -58.847117 0.000000
      vertex 15.529143 -57.955550 0.000000
      vertex 15.529143 -57.955550 4.000000
    endloop
  endfacet
  facet normal 2.270763e-01 -9.738770e-01 0.000000e+00
    outer loop
      vertex 11.705419 -58.847117 0.000000
      vertex 15.529143 -57.955550 4.000000
      vertex 11.705419 -58.847117 4.000000
    endloop
  endfacet
  facet normal 0.000000e+00 0.000000e+00 -1.000000e+00
    outer loop
      vertex 0.000000 0.000000 0.000000
      vertex 15.529143 -57.955550 0.000000
      vertex 11.705419 -58.847117 0.000000
    endloop
  endfacet
  facet normal 0.000000e+00 0.000000e+00 1.000000e+00
    outer loop
      vertex 0.000000 0.000000 4.000000
      vertex 11.705419 -58.847117 4.000000
      vertex 15.529143 -57.955550 4.000000
    endloop
  endfacet
  facet normal 2.902847e-01 -9.569403e-01 0.000000e+00
    outer loop
      vertex 15.529143 -57.955550 0.000000
      vertex 19.286368 -56.815808 0.000000
      vertex 19.286368 -56.815808 4.000000
    endloop
  endfacet
  facet normal 2.902847e-01 -9.569403e-01 0.000000e+00
    outer loop
      vertex 15.529143 -57.955550 0.000000
      vertex 19.286368 -56.815808 4.000000
      vertex 15.529143 -57.955550 4.000000
    endloop
  endfacet
  facet normal 0.000000e+00 0.000000e+00 -1.000000e+00
    outer loop
      vertex 0.000000 0.000000 0.000000
      vertex 19.286368 -56.815808 0.000000
      vertex 15.529143 -57.955550 0.000000
    endloop
  endfacet
  facet normal 0.000000e+00 0.000000e+00 1.000000e+00
    outer loop
      vertex 0.000000 0.000000 4.000000
      vertex 15.529143 -57.955550 4.000000
      vertex 19.286368 -56.815808 4.000000
    endloop
  endfacet
  facet normal 3.522500e-01 -9.359059e-01 0.000000e+00
    outer loop
      vertex 19.286368 -56.815808 0.000000
      vertex 22.961006 -55.432772 0.000000
      vertex 22.961006 -55.432772 4.000000
    endloop
  endfacet
  facet normal 3.522500e-01 -9.359059e-01 0.000000e+00
    outer loop
      vertex 19.286368 -56.815808 0.000000
      vertex 22.961006 -55.432772 4.000000
      vertex 19.286368 -56.815808 4.000000
    endloop
  endfacet
  facet normal 0.000000e+00 0.000000e+00 -1.000000e+00
    outer loop
      vertex 0.000000 0.000000 0.000000
      vertex 22.961006 -55.432772 0.000000
      vertex 19.286368 -56.815808 0.000000
    endloop
  endfacet
  facet normal 0.000000e+00 0.000000e+00 1.000000e+00
    outer loop
      vertex 0.000000 0.000000 4.000000
      vertex 19.286368 -56.815808 4.000000
      vertex 22.961006 -55.432772 4.000000
    endloop
  endfacet
  facet normal 4.127070e-01 -9.108638e-01 0.000000e+00
    outer loop
      vertex 22.961006 -55.432772 0.000000
      vertex 26.537321 -53.812364 0.000000
      vertex 26.537321 -53.812364 4.000000
    endloop
  endfacet
  facet normal 4.127070e-01 -9.108638e-01 0.000000e+00
    outer loop
      vertex 22.961006 -55.432772 0.000000
      vertex 26.537321 -53.812364 4.000000
      vertex 22.961006 -55.432772 4.000000
    endloop
  endfacet
  facet normal 0.000000e+00 0.000000e+00 -1.000000e+00
    outer loop
      vertex 0.000000 0.000000 0.000000
      vertex 26.537321 -53.812364 0.000000
      vertex 22.961006 -55.432772 0.000000
    endloop
  endfacet
  facet normal 0.000000e+00 0.000000e+00 1.000000e+00
    outer loop
      vertex 0.000000 0.000000 4.000000
      vertex 22.961006 -55.432772 4.000000
      vertex 26.537321 -53.812364 4.000000
    endloop
  endfacet
  facet normal 4.713967e-01 -8.819213e-01 0.000000e+00
    outer loop
      vertex 26.537321 -53.812364 0.000000
      vertex 30.000000 -51.961524 0.000000
      vertex 30.000000 -51.961524 4.000000
    endloop
  endfacet
  facet normal 4.713967e-01 -8.819213e-01 0.000000e+00
    outer loop
      vertex 26.537321 -53.812364 0.000000
      vertex 30.000000 -51.961524 4.000000
      vertex 26.537321 -53.812364 4.000000
    endloop
  endfacet
  facet normal 0.000000e+00 0.000000e+00 -1.000000e+00
    outer loop
      vertex 0.000000 0.000000 0.000000
      vertex 30.000000 -51.961524 0.000000
      vertex 26.537321 -53.812364 0.000000
    endloop
  endfacet
  facet normal 0.000000e+00 0.000000e+00 1.000000e+00
    outer loop
      vertex 0.000000 0.000000 4.000000
      vertex 26.537321 -53.812364 4.000000
      vertex 30.000000 -51.961524 4.000000
    endloop
  endfacet
  facet normal 5.280679e-01 -8.492022e-01 0.000000e+00
    outer loop
      vertex 30.000000 -51.961524 0.000000
      vertex 33.334214 -49.888177 0.000000
      vertex 33.334214 -49.888177 4.000000
    endloop
  endfacet
  facet normal 5.280679e-01 -8.492022e-01 0.000000e+00
    outer loop
      vertex 30.000000 -51.961524 0.000000
      vertex 33.334214 -49.888177 4.000000
      vertex 30.000000 -51.961524 4.000000
    endloop
  endfacet
  facet normal 0.000000e+00 0.000000e+00 -1.000000e+00
    outer loop
      vertex 0.000000 0.000000 0.000000
      vertex 33.334214 -49.888177 0.000000
      vertex 30.000000 -51.961524 0.000000
    endloop
  endfacet
  facet normal 0.000000e+00 0.000000e+00 1.000000e+00
    outer loop
      vertex 0.000000 0.000000 4.000000
      vertex 30.000000 -51.961524 4.000000
      vertex 33.334214 -49.888177 4.000000
    endloop
  endfacet
  facet normal 5.824777e-01 -8.128467e-01 0.000000e+00
    outer loop
      vertex 33.334214 -49.888177 0.000000
      vertex 36.525686 -47.601200 0.000000
      vertex 36.525686 -47.601200 4.000000
    endloop
  endfacet
  facet normal 5.824777e-01 -8.128467e-01 0.000000e+00
    outer loop
      vertex 33.334214 -49.888177 0.000000
      vertex 36.525686 -47.601200 4.000000
      vertex 33.334214 -49.888177 4.000000
    endloop
  endfacet
  facet normal 0.000000e+00 0.000000e+00 -1.000000e+00
    outer loop
      vertex 0.000000 0.000000 0.000000
      vertex 36.525686 -47.601200 0.000000
      vertex 33.334214 -49.888177 0.000000
    endloop
  endfacet
  facet normal 0.000000e+00 0.000000e+00 1.000000e+00
    outer loop
      vertex 0.000000 0.000000 4.000000
      vertex 33.334214 -49.888177 4.000000
      vertex 36.525686 -47.601200 4.000000
    endloop
  endfacet
  facet normal 6.343933e-01 -7.730105e-01 0.000000e+00
    outer loop
      vertex 36.525686 -47.601200 0.000000
      vertex 39.560749 -45.110388 0.000000
      vertex 39.560749 -45.110388 4.000000
    endloop
  endfacet
  facet normal 6.343933e-01 -7.730105e-01 0.000000e+00
    outer loop
      vertex 36.525686 -47.601200 0.000000
      vertex 39.560749 -45.110388 4.000000
      vertex 36.525686 -47.601200 4.000000
    endloop
  endfacet
  facet normal 0.000000e+00 0.000000e+00 -1.000000e+00
    outer loop
      vertex 0.000000 0.000000 0.000000
      vertex 39.560749 -45.110388 0.000000
      vertex 36.525686 -47.601200 0.000000
    endloop
  endfacet
  facet normal 0.000000e+00 0.000000e+00 1.000000e+00
    outer loop
      vertex 0.000000 0.000000 4.000000
      vertex 36.525686 -47.601200 4.000000
      vertex 39.560749 -45.110388 4.000000
    endloop
  endfacet
  facet normal 6.835923e-01 -7.298641e-01 0.000000e+00
    outer loop
      vertex 39.560749 -45.110388 0.000000
      vertex 42.426407 -42.426407 0.000000
      vertex 42.426407 -42.426407 4.000000
    endloop
  endfacet
  facet normal 6.835923e-01 -7.298641e-01 0.000000e+00
    outer loop
      vertex 39.560749 -45.110388 0.000000
      vertex 42.426407 -42.426407 4.000000
      vertex 39.560749 -45.110388 4.000000
    endloop
  endfacet
  facet normal 0.000000e+00 0.000000e+00 -1.000000e+00
    outer loop
      vertex 0.000000 0.000000 0.000000
      vertex 42.426407 -42.426407 0.000000
      vertex 39.560749 -45.110388 0.000000
    endloop
  endfacet
  facet normal 0.000000e+00 0.000000e+00 1.000000e+00
    outer loop
      vertex 0.000000 0.000000 4.000000
      vertex 39.560749 -45.110388 4.000000
      vertex 42.426407 -42.426407 4.000000
    endloop
  endfacet
  facet normal 7.298641e-01 -6.835923e-01 0.000000e+00
    outer loop
      vertex 42.426407 -42.426407 0.000000
      vertex 45.110388 -39.560749 0.000000
      vertex 45.110388 -39.560749 4.000000
    endloop
  endfacet
  facet normal 7.298641e-01 -6.835923e-01 0.000000e+00
    outer loop
      vertex 42.426407 -42.426407 0.000000
      vertex 45.110388 -39.560749 4.000000
      vertex 42.426407 -42.426407 4.000000
    endloop
  endfacet
  facet normal 0.000000e+00 0.000000e+00 -1.000000e+00
    outer loop
      vertex 0.000000 0.000000 0.000000
      vertex 45.110388 -39.560749 0.000000
      vertex 42.426407 -42.426407 0.000000
    endloop
  endfacet
  facet normal 0.000000e+00 0.000000e+00 1.000000e+00
    outer loop
      vertex 0.000000 0.000000 4.000000
      vertex 42.426407 -42.426407 4.000000
      vertex 45.110388 -39.560749 4.000000
    endloop
  endfacet
  facet normal 7.730105e-01 -6.343933e-01 0.000000e+00
    outer loop
      vertex 45.110388 -39.560749 0.000000
      vertex 47.601200 -36.525686 0.000000
      vertex 47.601200 -36.525686 4.000000
    endloop
  endfacet
  facet normal 7.730105e-01 -6.343933e-01 0.000000e+00
    outer loop
      vertex 45.110388 -39.560749 0.000000
      vertex 47.601200 -36.525686 4.000000
      vertex 45.110388 -39.560749 4.000000
    endloop
  endfacet
  facet normal 0.000000e+00 0.000000e+00 -1.000000e+00
    outer loop
      vertex 0.000000 0.000000 0.000000
      vertex 47.601200 -36.525686 0.000000
      vertex 45.110388 -39.560749 0.000000
    endloop
  endfacet
  facet normal 0.000000e+00 0.000000e+00 1.000000e+00
    outer loop
      vertex 0.000000 0.000000 4.000000
      vertex 45.110388 -39.560749 4.000000
      vertex 47.601200 -36.525686 4.000000
    endloop
  endfacet
  facet normal 8.128467e-01 -5.824777e-01 0.000000e+00
    outer loop
      vertex 47.601200 -36.525686 0.000000
      vertex 49.888177 -33.334214 0.000000
      vertex 49.888177 -33.334214 4.000000
    endloop
  endfacet
  facet normal 8.128467e-01 -5.824777e-01 0.000000e+00
    outer loop
      vertex 47.601200 -36.525686 0.000000
      vertex 49.888177 -33.334214 4.000000
      vertex 47.601200 -36.525686 4.000000
    endloop
  endfacet
  facet normal 0.000000e+00 0.000000e+00 -1.000000e+00
    outer loop
      vertex 0.000000 0.000000 0.000000
      vertex 49.888177 -33.334214 0.000000
      vertex 47.601200 -36.525686 0.000000
    endloop
  endfacet
  facet normal 0.000000e+00 0.000000e+00 1.000000e+00
    outer loop
      vertex 0.000000 0.000000 4.000000
      vertex 47.601200 -36.525686 4.000000
      vertex 49.888177 -33.334214 4.000000
    endloop
  endfacet
  facet normal 8.492022e-01 -5.280679e-01 0.000000e+00
    outer loop
      vertex 49.888177 -33.334214 0.000000
      vertex 51.961524 -30.000000 0.000000
      vertex 51.961524 -30.000000 4.000000
    endloop
  endfacet
  facet normal 8.492022e-01 -5.280679e-01 0.000000e+00
    outer loop
      vertex 49.888177 -33.334214 0.000000
      vertex 51.961524 -30.000000 4.000000
      vertex 49.888177 -33.334214 4.000000
    endloop
  endfacet
  facet normal 0.000000e+00 0.000000e+00 -1.000000e+00
    outer loop
      vertex 0.000000 0.000000 0.000000
      vertex 51.961524 -30.000000 0.000000
      vertex 49.888177 -33.334214 0.000000
    endloop
  endfacet
  facet normal 0.000000e+00 0.000000e+00 1.000000e+00
    outer loop
      vertex 0.000000 0.000000 4.000000
      vertex 49.888177 -33.334214 4.000000
      vertex 51.961524 -30.000000 4.000000
    endloop
  endfacet
  facet normal 8.819213e-01 -4.713967e-01 0.000000e+00
    outer loop
      vertex 51.961524 -30.000000 0.000000
      vertex 53.812364 -26.537321 0.000000
      vertex 53.812364 -26.537321 4.000000
    endloop
  endfacet
  facet normal 8.819213e-01 -4.713967e-01 0.000000e+00
    outer loop
      vertex 51.961524 -30.000000 0.000000
      vertex 53.812364 -26.537321 4.000000
      vertex 51.961524 -30.000000 4.000000
    endloop
  endfacet
  facet normal 0.000000e+00 0.000000e+00 -1.000000e+00
    outer loop
      vertex 0.000000 0.000000 0.000000
      vertex 53.812364 -26.537321 0.000000
      vertex 51.961524 -30.000000 0.000000
    endloop
  endfacet
  facet normal 0.000000e+00 0.000000e+00 1.000000e+00
    outer loop
      vertex 0.000000 0.000000 4.000000
      vertex 51.961524 -30.000000 4.000000
      vertex 53.812364 -26.537321 4.000000
    endloop
  endfacet
  facet normal 9.108638e-01 -4.127070e-01 0.000000e+00
    outer loop
      vertex 53.812364 -26.537321 0.000000
      vertex 55.432772 -22.961006 0.000000
      vertex 55.432772 -22.961006 4.000000
    endloop
  endfacet
  facet normal 9.108638e-01 -4.127070e-01 0.000000e+00
    outer loop
      vertex 53.812364 -26.537321 0.000000
      vertex 55.432772 -22.961006 4.000000
      vertex 53.812364 -26.537321 4.000000
    endloop
  endfacet
  facet normal 0.000000e+00 0.000000e+00 -1.000000e+00
    outer loop
      vertex 0.000000 0.000000 0.000000
      vertex 55.432772 -22.961006 0.000000
      vertex 53.812364 -26.537321 0.000000
    endloop
  endfacet
  facet normal 0.000000e+00 0.000000e+00 1.000000e+00
    outer loop
      vertex 0.000000 0.000000 4.000000
      vertex 53.812364 -26.537321 4.000000
      vertex 55.432772 -22.961006 4.000000
    endloop
  endfacet
  facet normal 9.359059e-01 -3.522500e-01 0.000000e+00
    outer loop
      vertex 55.432772 -22.961006 0.000000
      vertex 56.815808 -19.286368 0.000000
      vertex 56.815808 -19.286368 4.000000
    endloop
  endfacet
  facet normal 9.359059e-01 -3.522500e-01 0.000000e+00
    outer loop
      vertex 55.432772 -22.961006 0.000000
      vertex 56.815808 -19.286368 4.000000
      vertex 55.432772 -22.961006 4.000000
    endloop
  endfacet
  facet normal 0.000000e+00 0.000000e+00 -1.000000e+00
    outer loop
      vertex 0.000000 0.000000 0.000000
      vertex 56.815808 -19.286368 0.000000
      vertex 55.432772 -22.961006 0.000000
    endloop
  endfacet
  facet normal 0.000000e+00 0.000000e+00 1.000000e+00
    outer loop
      vertex 0.000000 0.000000 4.000000
      vertex 55.432772 -22.961006 4.000000
      vertex 56.815808 -19.286368 4.000000
    endloop
  endfacet
  facet normal 9.569403e-01 -2.902847e-01 0.000000e+00
    outer loop
      vertex 56.815808 -19.286368 0.000000
      vertex 57.955550 -15.529143 0.000000
      vertex 57.955550 -15.529143 4.000000
    endloop
  endfacet
  facet normal 9.569403e-01 -2.902847e-01 0.000000e+00
    outer loop
      vertex 56.815808 -19.286368 0.000000
      vertex 57.955550 -15.529143 4.000000
      vertex 56.815808 -19.286368 4.000000
    endloop
  endfacet
  facet normal 0.000000e+00 0.000000e+00 -1.000000e+00
    outer loop
      vertex 0.000000 0.000000 0.000000
      vertex 57.955550 -15.529143 0.000000
      vertex 56.815808 -19.286368 0.000000
    endloop
  endfacet
  facet normal 0.000000e+00 0.000000e+00 1.000000e+00
    outer loop
      vertex 0.000000 0.000000 4.000000
      vertex 56.815808 -19.286368 4.000000
      vertex 57.955550 -15.529143 4.000000
    endloop
  endfacet
  facet normal 9.738770e-01 -2.270763e-01 0.000000e+00
    outer loop
      vertex 57.955550 -15.529143 0.000000
      vertex 58.847117 -11.705419 0.000000
      vertex 58.847117 -11.705419 4.000000
    endloop
  endfacet
  facet normal 9.738770e-01 -2.270763e-01 0.000000e+00
    outer loop
      vertex 57.955550 -15.529143 0.000000
      vertex 58.847117 -11.705419 4.000000
      vertex 57.955550 -15.529143 4.000000
    endloop
  endfacet
  facet normal 0.000000e+00 0.000000e+00 -1.000000e+00
    outer loop
      vertex 0.000000 0.000000 0.000000
      vertex 58.847117 -11.705419 0.000000
      vertex 57.955550 -15.529143 0.000000
    endloop
  endfacet
  facet normal 0.000000e+00 0.000000e+00 1.000000e+00
    outer loop
      vertex 0.000000 0.000000 4.000000
      vertex 57.955550 -15.529143 4.000000
      vertex 58.847117 -11.705419 4.000000
    endloop
  endfacet
  facet normal 9.866433e-01 -1.628955e-01 0.000000e+00
    outer loop
      vertex 58.847117 -11.705419 0.000000
      vertex 59.486692 -7.831572 0.000000
      vertex 59.486692 -7.831572 4.000000
    endloop
  endfacet
  facet normal 9.866433e-01 -1.628955e-01 0.000000e+00
    outer loop
      vertex 58.847117 -11.705419 0.000000
      vertex 59.486692 -7.831572 4.000000
      vertex 58.847117 -11.705419 4.000000
    endloop
  endfacet
  facet normal 0.000000e+00 0.000000e+00 -1.000000e+00
    outer loop
      vertex 0.000000 0.000000 0.000000
      vertex 59.486692 -7.831572 0.000000
      vertex 58.847117 -11.705419 0.000000
    endloop
  endfacet
  facet normal 0.000000e+00 0.000000e+00 1.000000e+00
    outer loop
      vertex 0.000000 0.000000 4.000000
      vertex 58.847117 -11.705419 4.000000
      vertex 59.486692 -7.831572 4.000000
    endloop
  endfacet
  facet normal 9.951847e-01 -9.801714e-02 0.000000e+00
    outer loop
      vertex 59.486692 -7.831572 0.000000
      vertex 59.871535 -3.924188 0.000000
      vertex 59.871535 -3.924188 4.000000
    endloop
  endfacet
  facet normal 9.951847e-01 -9.801714e-02 0.000000e+00
    outer loop
      vertex 59.486692 -7.831572 0.000000
      vertex 59.871535 -3.924188 4.000000
      vertex 59.486692 -7.831572 4.000000
    endloop
  endfacet
  facet normal 0.000000e+00 0.000000e+00 -1.000000e+00
    outer loop
      vertex 0.000000 0.000000 0.000000
      vertex 59.871535 -3.924188 0.000000
      vertex 59.486692 -7.831572 0.000000
    endloop
  endfacet
  facet normal 0.000000e+00 0.000000e+00 1.000000e+00
    outer loop
      vertex 0.000000 0.000000 4.000000
      vertex 59.486692 -7.831572 4.000000
      vertex 59.871535 -3.924188 4.000000
    endloop
  endfacet
  facet normal 9.994646e-01 -3.271908e-02 0.000000e+00
    outer loop
      vertex 59.871535 -3.924188 0.000000
      vertex 60.000000 0.000000 0.000000
      vertex 60.000000 0.000000 4.000000
    endloop
  endfacet
  facet normal 9.994646e-01 -3.271908e-02 0.000000e+00
    outer loop
      vertex 59.871535 -3.924188 0.000000
      vertex 60.000000 0.000000 4.000000
      vertex 59.871535 -3.924188 4.000000
    endloop
  endfacet
  facet normal 0.000000e+00 0.000000e+00 -1.000000e+00
    outer loop
      vertex 0.000000 0.000000 0.000000
      vertex 60.000000 0.000000 0.000000
      vertex 59.871535 -3.924188 0.000000
    endloop
  endfacet
  facet normal -0.000000e+00 0.000000e+00 1.000000e+00
    outer loop
      vertex 0.000000 0.000000 4.000000
      vertex 59.871535 -3.924188 4.000000
      vertex 60.000000 0.000000 4.000000
    endloop
  endfacet
  facet normal 0.000000e+00 0.000000e+00 1.000000e+00
    outer loop
      vertex 70.000000 0.000000 16.000000
      vertex 69.850125 4.578219 16.000000
      vertex 61.867253 4.054994 16.000000
    endloop
  endfacet
  facet normal 0.000000e+00 0.000000e+00 1.000000e+00
    outer loop
      vertex 70.000000 0.000000 16.000000
      vertex 61.867253 4.054994 16.000000
      vertex 62.000000 0.000000 16.000000
    endloop
  endfacet
  facet normal 0.000000e+00 0.000000e+00 -1.000000e+00
    outer loop
      vertex 70.000000 0.000000 4.000000
      vertex 61.867253 4.054994 4.000000
      vertex 69.850125 4.578219 4.000000
    endloop
  endfacet
  facet normal 0.000000e+00 0.000000e+00 1.000000e+00
    outer loop
      vertex 70.000000 0.000000 4.000000
      vertex 61.867253 4.054994 4.000000
      vertex 62.000000 0.000000 4.000000
    endloop
  endfacet
  facet normal 9.994646e-01 3.271908e-02 0.000000e+00
    outer loop
      vertex 70.000000 0.000000 4.000000
      vertex 69.850125 4.578219 4.000000
      vertex 69.850125 4.578219 16.000000
    endloop
  endfacet
  facet normal 9.994646e-01 3.271908e-02 -0.000000e+00
    outer loop
      vertex 70.000000 0.000000 4.000000
      vertex 69.850125 4.578219 16.000000
      vertex 70.000000 0.000000 16.000000
    endloop
  endfacet
  facet normal -9.994646e-01 -3.271908e-02 0.000000e+00
    outer loop
      vertex 62.000000 0.000000 4.000000
      vertex 61.867253 4.054994 16.000000
      vertex 61.867253 4.054994 4.000000
    endloop
  endfacet
  facet normal -9.994646e-01 -3.271908e-02 0.000000e+00
    outer loop
      vertex 62.000000 0.000000 4.000000
      vertex 62.000000 0.000000 16.000000
      vertex 61.867253 4.054994 16.000000
    endloop
  endfacet
  facet normal 0.000000e+00 0.000000e+00 1.000000e+00
    outer loop
      vertex 69.850125 4.578219 16.000000
      vertex 69.401140 9.136833 16.000000
      vertex 61.469581 8.092624 16.000000
    endloop
  endfacet
  facet normal 0.000000e+00 0.000000e+00 1.000000e+00
    outer loop
      vertex 69.850125 4.578219 16.000000
      vertex 61.469581 8.092624 16.000000
      vertex 61.867253 4.054994 16.000000
    endloop
  endfacet
  facet normal 0.000000e+00 0.000000e+00 -1.000000e+00
    outer loop
      vertex 69.850125 4.578219 4.000000
      vertex 61.469581 8.092624 4.000000
      vertex 69.401140 9.136833 4.000000
    endloop
  endfacet
  facet normal 0.000000e+00 0.000000e+00 1.000000e+00
    outer loop
      vertex 69.850125 4.578219 4.000000
      vertex 61.469581 8.092624 4.000000
      vertex 61.867253 4.054994 4.000000
    endloop
  endfacet
  facet normal 9.951847e-01 9.801714e-02 0.000000e+00
    outer loop
      vertex 69.850125 4.578219 4.000000
      vertex 69.401140 9.136833 4.000000
      vertex 69.401140 9.136833 16.000000
    endloop
  endfacet
  facet normal 9.951847e-01 9.801714e-02 -0.000000e+00
    outer loop
      vertex 69.850125 4.578219 4.000000
      vertex 69.401140 9.136833 16.000000
      vertex 69.850125 4.578219 16.000000
    endloop
  endfacet
  facet normal -9.951847e-01 -9.801714e-02 0.000000e+00
    outer loop
      vertex 61.867253 4.054994 4.000000
      vertex 61.469581 8.092624 16.000000
      vertex 61.469581 8.092624 4.000000
    endloop
  endfacet
  facet normal -9.951847e-01 -9.801714e-02 0.000000e+00
    outer loop
      vertex 61.867253 4.054994 4.000000
      vertex 61.867253 4.054994 16.000000
      vertex 61.469581 8.092624 16.000000
    endloop
  endfacet
  facet normal 0.000000e+00 0.000000e+00 1.000000e+00
    outer loop
      vertex 69.401140 9.136833 16.000000
      vertex 68.654970 13.656323 16.000000
      vertex 60.808687 12.095600 16.000000
    endloop
  endfacet
  facet normal 0.000000e+00 0.000000e+00 1.000000e+00
    outer loop
      vertex 69.401140 9.136833 16.000000
      vertex 60.808687 12.095600 16.000000
      vertex 61.469581 8.092624 16.000000
    endloop
  endfacet
  facet normal 0.000000e+00 0.000000e+00 -1.000000e+00
    outer loop
      vertex 69.401140 9.136833 4.000000
      vertex 60.808687 12.095600 4.000000
      vertex 68.654970 13.656323 4.000000
    endloop
  endfacet
  facet normal 0.000000e+00 0.000000e+00 1.000000e+00
    outer loop
      vertex 69.401140 9.136833 4.000000
      vertex 60.808687 12.095600 4.000000
      vertex 61.469581 8.092624 4.000000
    endloop
  endfacet
  facet normal 9.866433e-01 1.628955e-01 0.000000e+00
    outer loop
      vertex 69.401140 9.136833 4.000000
      vertex 68.654970 13.656323 4.000000
      vertex 68.654970 13.656323 16.000000
    endloop
  endfacet
  facet normal 9.866433e-01 1.628955e-01 -0.000000e+00
    outer loop
      vertex 69.401140 9.136833 4.000000
      vertex 68.654970 13.656323 16.000000
      vertex 69.401140 9.136833 16.000000
    endloop
  endfacet
  facet normal -9.866433e-01 -1.628955e-01 0.000000e+00
    outer loop
      vertex 61.469581 8.092624 4.000000
      vertex 60.808687 12.095600 16.000000
      vertex 60.808687 12.095600 4.000000
    endloop
  endfacet
  facet normal -9.866433e-01 -1.628955e-01 0.000000e+00
    outer loop
      vertex 61.469581 8.092624 4.000000
      vertex 61.469581 8.092624 16.000000
      vertex 60.808687 12.095600 16.000000
    endloop
  endfacet
  facet normal 0.000000e+00 0.000000e+00 1.000000e+00
    outer loop
      vertex 68.654970 13.656323 16.000000
      vertex 67.614808 18.117333 16.000000
      vertex 59.887401 16.046781 16.000000
    endloop
  endfacet
  facet normal 0.000000e+00 0.000000e+00 1.000000e+00
    outer loop
      vertex 68.654970 13.656323 16.000000
      vertex 59.887401 16.046781 16.000000
      vertex 60.808687 12.095600 16.000000
    endloop
  endfacet
  facet normal 0.000000e+00 0.000000e+00 -1.000000e+00
    outer loop
      vertex 68.654970 13.656323 4.000000
      vertex 59.887401 16.046781 4.000000
      vertex 67.614808 18.117333 4.000000
    endloop
  endfacet
  facet normal 0.000000e+00 0.000000e+00 1.000000e+00
    outer loop
      vertex 68.654970 13.656323 4.000000
      vertex 59.887401 16.046781 4.000000
      vertex 60.808687 12.095600 4.000000
    endloop
  endfacet
  facet normal 9.738770e-01 2.270763e-01 0.000000e+00
    outer loop
      vertex 68.654970 13.656323 4.000000
      vertex 67.614808 18.117333 4.000000
      vertex 67.614808 18.117333 16.000000
    endloop
  endfacet
  facet normal 9.738770e-01 2.270763e-01 -0.000000e+00
    outer loop
      vertex 68.654970 13.656323 4.000000
      vertex 67.614808 18.117333 16.000000
      vertex 68.654970 13.656323 16.000000
    endloop
  endfacet
  facet normal -9.738770e-01 -2.270763e-01 0.000000e+00
    outer loop
      vertex 60.808687 12.095600 4.000000
      vertex 59.887401 16.046781 16.000000
      vertex 59.887401 16.046781 4.000000
    endloop
  endfacet
  facet normal -9.738770e-01 -2.270763e-01 0.000000e+00
    outer loop
      vertex 60.808687 12.095600 4.000000
      vertex 60.808687 12.095600 16.000000
      vertex 59.887401 16.046781 16.000000
    endloop
  endfacet
  facet normal 0.000000e+00 0.000000e+00 1.000000e+00
    outer loop
      vertex 67.614808 18.117333 16.000000
      vertex 66.285109 22.500763 16.000000
      vertex 58.709668 19.929247 16.000000
    endloop
  endfacet
  facet normal 0.000000e+00 0.000000e+00 1.000000e+00
    outer loop
      vertex 67.614808 18.117333 16.000000
      vertex 58.709668 19.929247 16.000000
      vertex 59.887401 16.046781 16.000000
    endloop
  endfacet
  facet normal 0.000000e+00 0.000000e+00 -1.000000e+00
    outer loop
      vertex 67.614808 18.117333 4.000000
      vertex 58.709668 19.929247 4.000000
      vertex 66.285109 22.500763 4.000000
    endloop
  endfacet
  facet normal 0.000000e+00 0.000000e+00 1.000000e+00
    outer loop
      vertex 67.614808 18.117333 4.000000
      vertex 58.709668 19.929247 4.000000
      vertex 59.887401 16.046781 4.000000
    endloop
  endfacet
  facet normal 9.569403e-01 2.902847e-01 0.000000e+00
    outer loop
      vertex 67.614808 18.117333 4.000000
      vertex 66.285109 22.500763 4.000000
      vertex 66.285109 22.500763 16.000000
    endloop
  endfacet
  facet normal 9.569403e-01 2.902847e-01 -0.000000e+00
    outer loop
      vertex 67.614808 18.117333 4.000000
      vertex 66.285109 22.500763 16.000000
      vertex 67.614808 18.117333 16.000000
    endloop
  endfacet
  facet normal -9.569403e-01 -2.902847e-01 0.000000e+00
    outer loop
      vertex 59.887401 16.046781 4.000000
      vertex 58.709668 19.929247 16.000000
      vertex 58.709668 19.929247 4.000000
    endloop
  endfacet
  facet normal -9.569403e-01 -2.902847e-01 0.000000e+00
    outer loop
      vertex 59.887401 16.046781 4.000000
      vertex 59.887401 16.046781 16.000000
      vertex 58.709668 19.929247 16.000000
    endloop
  endfacet
  facet normal 0.000000e+00 0.000000e+00 1.000000e+00
    outer loop
      vertex 66.285109 22.500763 16.000000
      vertex 64.671567 26.787840 16.000000
      vertex 57.280531 23.726373 16.000000
    endloop
  endfacet
  facet normal 0.000000e+00 0.000000e+00 1.000000e+00
    outer loop
      vertex 66.285109 22.500763 16.000000
      vertex 57.280531 23.726373 16.000000
      vertex 58.709668 19.929247 16.000000
    endloop
  endfacet
  facet normal 0.000000e+00 0.000000e+00 -1.000000e+00
    outer loop
      vertex 66.285109 22.500763 4.000000
      vertex 57.280531 23.726373 4.000000
      vertex 64.671567 26.787840 4.000000
    endloop
  endfacet
  facet normal 0.000000e+00 0.000000e+00 1.000000e+00
    outer loop
      vertex 66.285109 22.500763 4.000000
      vertex 57.280531 23.726373 4.000000
      vertex 58.709668 19.929247 4.000000
    endloop
  endfacet
  facet normal 9.359059e-01 3.522500e-01 0.000000e+00
    outer loop
      vertex 66.285109 22.500763 4.000000
      vertex 64.671567 26.787840 4.000000
      vertex 64.671567 26.787840 16.000000
    endloop
  endfacet
  facet normal 9.359059e-01 3.522500e-01 -0.000000e+00
    outer loop
      vertex 66.285109 22.500763 4.000000
      vertex 64.671567 26.787840 16.000000
      vertex 66.285109 22.500763 16.000000
    endloop
  endfacet
  facet normal -9.359059e-01 -3.522500e-01 0.000000e+00
    outer loop
      vertex 58.709668 19.929247 4.000000
      vertex 57.280531 23.726373 16.000000
      vertex 57.280531 23.726373 4.000000
    endloop
  endfacet
  facet normal -9.359059e-01 -3.522500e-01 0.000000e+00
    outer loop
      vertex 58.709668 19.929247 4.000000
      vertex 58.709668 19.929247 16.000000
      vertex 57.280531 23.726373 16.000000
    endloop
  endfacet
  facet normal 0.000000e+00 0.000000e+00 1.000000e+00
    outer loop
      vertex 64.671567 26.787840 16.000000
      vertex 62.781092 30.960208 16.000000
      vertex 55.606110 27.421899 16.000000
    endloop
  endfacet
  facet normal 0.000000e+00 0.000000e+00 1.000000e+00
    outer loop
      vertex 64.671567 26.787840 16.000000
      vertex 55.606110 27.421899 16.000000
      vertex 57.280531 23.726373 16.000000
    endloop
  endfacet
  facet normal 0.000000e+00 0.000000e+00 -1.000000e+00
    outer loop
      vertex 64.671567 26.787840 4.000000
      vertex 55.606110 27.421899 4.000000
      vertex 62.781092 30.960208 4.000000
    endloop
  endfacet
  facet normal 0.000000e+00 0.000000e+00 1.000000e+00
    outer loop
      vertex 64.671567 26.787840 4.000000
      vertex 55.606110 27.421899 4.000000
      vertex 57.280531 23.726373 4.000000
    endloop
  endfacet
  facet normal 9.108638e-01 4.127070e-01 0.000000e+00
    outer loop
      vertex 64.671567 26.787840 4.000000
      vertex 62.781092 30.960208 4.000000
      vertex 62.781092 30.960208 16.000000
    endloop
  endfacet
  facet normal 9.108638e-01 4.127070e-01 -0.000000e+00
    outer loop
      vertex 64.671567 26.787840 4.000000
      vertex 62.781092 30.960208 16.000000
      vertex 64.671567 26.787840 16.000000
    endloop
  endfacet
  facet normal -9.108638e-01 -4.127070e-01 0.000000e+00
    outer loop
      vertex 57.280531 23.726373 4.000000
      vertex 55.606110 27.421899 16.000000
      vertex 55.606110 27.421899 4.000000
    endloop
  endfacet
  facet normal -9.108638e-01 -4.127070e-01 0.000000e+00
    outer loop
      vertex 57.280531 23.726373 4.000000
      vertex 57.280531 23.726373 16.000000
      vertex 55.606110 27.421899 16.000000
    endloop
  endfacet
  facet normal 0.000000e+00 0.000000e+00 1.000000e+00
    outer loop
      vertex 62.781092 30.960208 16.000000
      vertex 60.621778 35.000000 16.000000
      vertex 53.693575 31.000000 16.000000
    endloop
  endfacet
  facet normal 0.000000e+00 0.000000e+00 1.000000e+00
    outer loop
      vertex 62.781092 30.960208 16.000000
      vertex 53.693575 31.000000 16.000000
      vertex 55.606110 27.421899 16.000000
    endloop
  endfacet
  facet normal 0.000000e+00 0.000000e+00 -1.000000e+00
    outer loop
      vertex 62.781092 30.960208 4.000000
      vertex 53.693575 31.000000 4.000000
      vertex 60.621778 35.000000 4.000000
    endloop
  endfacet
  facet normal 0.000000e+00 0.000000e+00 1.000000e+00
    outer loop
      vertex 62.781092 30.960208 4.000000
      vertex 53.693575 31.000000 4.000000
      vertex 55.606110 27.421899 4.000000
    endloop
  endfacet
  facet normal 8.819213e-01 4.713967e-01 0.000000e+00
    outer loop
      vertex 62.781092 30.960208 4.000000
      vertex 60.621778 35.000000 4.000000
      vertex 60.621778 35.000000 16.000000
    endloop
  endfacet
  facet normal 8.819213e-01 4.713967e-01 -0.000000e+00
    outer loop
      vertex 62.781092 30.960208 4.000000
      vertex 60.621778 35.000000 16.000000
      vertex 62.781092 30.960208 16.000000
    endloop
  endfacet
  facet normal -8.819213e-01 -4.713967e-01 0.000000e+00
    outer loop
      vertex 55.606110 27.421899 4.000000
      vertex 53.693575 31.000000 16.000000
      vertex 53.693575 31.000000 4.000000
    endloop
  endfacet
  facet normal -8.819213e-01 -4.713967e-01 0.000000e+00
    outer loop
      vertex 55.606110 27.421899 4.000000
      vertex 55.606110 27.421899 16.000000
      vertex 53.693575 31.000000 16.000000
    endloop
  endfacet
  facet normal 0.000000e+00 0.000000e+00 1.000000e+00
    outer loop
      vertex 60.621778 35.000000 16.000000
      vertex 58.202873 38.889916 16.000000
      vertex 51.551116 34.445354 16.000000
    endloop
  endfacet
  facet normal 0.000000e+00 0.000000e+00 1.000000e+00
    outer loop
      vertex 60.621778 35.000000 16.000000
      vertex 51.551116 34.445354 16.000000
      vertex 53.693575 31.000000 16.000000
    endloop
  endfacet
  facet normal -0.000000e+00 0.000000e+00 -1.000000e+00
    outer loop
      vertex 60.621778 35.000000 4.000000
      vertex 51.551116 34.445354 4.000000
      vertex 58.202873 38.889916 4.000000
    endloop
  endfacet
  facet normal 0.000000e+00 0.000000e+00 1.000000e+00
    outer loop
      vertex 60.621778 35.000000 4.000000
      vertex 51.551116 34.445354 4.000000
      vertex 53.693575 31.000000 4.000000
    endloop
  endfacet
  facet normal 8.492022e-01 5.280679e-01 0.000000e+00
    outer loop
      vertex 60.621778 35.000000 4.000000
      vertex 58.202873 38.889916 4.000000
      vertex 58.202873 38.889916 16.000000
    endloop
  endfacet
  facet normal 8.492022e-01 5.280679e-01 -0.000000e+00
    outer loop
      vertex 60.621778 35.000000 4.000000
      vertex 58.202873 38.889916 16.000000
      vertex 60.621778 35.000000 16.000000
    endloop
  endfacet
  facet normal -8.492022e-01 -5.280679e-01 0.000000e+00
    outer loop
      vertex 53.693575 31.000000 4.000000
      vertex 51.551116 34.445354 16.000000
      vertex 51.551116 34.445354 4.000000
    endloop
  endfacet
  facet normal -8.492022e-01 -5.280679e-01 0.000000e+00
    outer loop
      vertex 53.693575 31.000000 4.000000
      vertex 53.693575 31.000000 16.000000
      vertex 51.551116 34.445354 16.000000
    endloop
  endfacet
  facet normal 0.000000e+00 0.000000e+00 1.000000e+00
    outer loop
      vertex 58.202873 38.889916 16.000000
      vertex 55.534734 42.613300 16.000000
      vertex 49.187907 37.743209 16.000000
    endloop
  endfacet
  facet normal 0.000000e+00 0.000000e+00 1.000000e+00
    outer loop
      vertex 58.202873 38.889916 16.000000
      vertex 49.187907 37.743209 16.000000
      vertex 51.551116 34.445354 16.000000
    endloop
  endfacet
  facet normal -0.000000e+00 0.000000e+00 -1.000000e+00
    outer loop
      vertex 58.202873 38.889916 4.000000
      vertex 49.187907 37.743209 4.000000
      vertex 55.534734 42.613300 4.000000
    endloop
  endfacet
  facet normal 0.000000e+00 0.000000e+00 1.000000e+00
    outer loop
      vertex 58.202873 38.889916 4.000000
      vertex 49.187907 37.743209 4.000000
      vertex 51.551116 34.445354 4.000000
    endloop
  endfacet
  facet normal 8.128467e-01 5.824777e-01 0.000000e+00
    outer loop
      vertex 58.202873 38.889916 4.000000
      vertex 55.534734 42.613300 4.000000
      vertex 55.534734 42.613300 16.000000
    endloop
  endfacet
  facet normal 8.128467e-01 5.824777e-01 -0.000000e+00
    outer loop
      vertex 58.202873 38.889916 4.000000
      vertex 55.534734 42.613300 16.000000
      vertex 58.202873 38.889916 16.000000
    endloop
  endfacet
  facet normal -8.128467e-01 -5.824777e-01 0.000000e+00
    outer loop
      vertex 51.551116 34.445354 4.000000
      vertex 49.187907 37.743209 16.000000
      vertex 49.187907 37.743209 4.000000
    endloop
  endfacet
  facet normal -8.128467e-01 -5.824777e-01 0.000000e+00
    outer loop
      vertex 51.551116 34.445354 4.000000
      vertex 51.551116 34.445354 16.000000
      vertex 49.187907 37.743209 16.000000
    endloop
  endfacet
  facet normal 0.000000e+00 0.000000e+00 1.000000e+00
    outer loop
      vertex 55.534734 42.613300 16.000000
      vertex 52.628787 46.154207 16.000000
      vertex 46.614068 40.879441 16.000000
    endloop
  endfacet
  facet normal 0.000000e+00 0.000000e+00 1.000000e+00
    outer loop
      vertex 55.534734 42.613300 16.000000
      vertex 46.614068 40.879441 16.000000
      vertex 49.187907 37.743209 16.000000
    endloop
  endfacet
  facet normal -0.000000e+00 0.000000e+00 -1.000000e+00
    outer loop
      vertex 55.534734 42.613300 4.000000
      vertex 46.614068 40.879441 4.000000
      vertex 52.628787 46.154207 4.000000
    endloop
  endfacet
  facet normal 0.000000e+00 0.000000e+00 1.000000e+00
    outer loop
      vertex 55.534734 42.613300 4.000000
      vertex 46.614068 40.879441 4.000000
      vertex 49.187907 37.743209 4.000000
    endloop
  endfacet
  facet normal 7.730105e-01 6.343933e-01 0.000000e+00
    outer loop
      vertex 55.534734 42.613300 4.000000
      vertex 52.628787 46.154207 4.000000
      vertex 52.628787 46.154207 16.000000
    endloop
  endfacet
  facet normal 7.730105e-01 6.343933e-01 -0.000000e+00
    outer loop
      vertex 55.534734 42.613300 4.000000
      vertex 52.628787 46.154207 16.000000
      vertex 55.534734 42.613300 16.000000
    endloop
  endfacet
  facet normal -7.730105e-01 -6.343933e-01 0.000000e+00
    outer loop
      vertex 49.187907 37.743209 4.000000
      vertex 46.614068 40.879441 16.000000
      vertex 46.614068 40.879441 4.000000
    endloop
  endfacet
  facet normal -7.730105e-01 -6.343933e-01 0.000000e+00
    outer loop
      vertex 49.187907 37.743209 4.000000
      vertex 49.187907 37.743209 16.000000
      vertex 46.614068 40.879441 16.000000
    endloop
  endfacet
  facet normal 0.000000e+00 0.000000e+00 1.000000e+00
    outer loop
      vertex 52.628787 46.154207 16.000000
      vertex 49.497475 49.497475 16.000000
      vertex 43.840620 43.840620 16.000000
    endloop
  endfacet
  facet normal 0.000000e+00 0.000000e+00 1.000000e+00
    outer loop
      vertex 52.628787 46.154207 16.000000
      vertex 43.840620 43.840620 16.000000
      vertex 46.614068 40.879441 16.000000
    endloop
  endfacet
  facet normal -0.000000e+00 0.000000e+00 -1.000000e+00
    outer loop
      vertex 52.628787 46.154207 4.000000
      vertex 43.840620 43.840620 4.000000
      vertex 49.497475 49.497475 4.000000
    endloop
  endfacet
  facet normal 0.000000e+00 0.000000e+00 1.000000e+00
    outer loop
      vertex 52.628787 46.154207 4.000000
      vertex 43.840620 43.840620 4.000000
      vertex 46.614068 40.879441 4.000000
    endloop
  endfacet
  facet normal 7.298641e-01 6.835923e-01 0.000000e+00
    outer loop
      vertex 52.628787 46.154207 4.000000
      vertex 49.497475 49.497475 4.000000
      vertex 49.497475 49.497475 16.000000
    endloop
  endfacet
  facet normal 7.298641e-01 6.835923e-01 -0.000000e+00
    outer loop
      vertex 52.628787 46.154207 4.000000
      vertex 49.497475 49.497475 16.000000
      vertex 52.628787 46.154207 16.000000
    endloop
  endfacet
  facet normal -7.298641e-01 -6.835923e-01 0.000000e+00
    outer loop
      vertex 46.614068 40.879441 4.000000
      vertex 43.840620 43.840620 16.000000
      vertex 43.840620 43.840620 4.000000
    endloop
  endfacet
  facet normal -7.298641e-01 -6.835923e-01 0.000000e+00
    outer loop
      vertex 46.614068 40.879441 4.000000
      vertex 46.614068 40.879441 16.000000
      vertex 43.840620 43.840620 16.000000
    endloop
  endfacet
  facet normal 0.000000e+00 0.000000e+00 1.000000e+00
    outer loop
      vertex 49.497475 49.497475 16.000000
      vertex 46.154207 52.628787 16.000000
      vertex 40.879441 46.614068 16.000000
    endloop
  endfacet
  facet normal 0.000000e+00 0.000000e+00 1.000000e+00
    outer loop
      vertex 49.497475 49.497475 16.000000
      vertex 40.879441 46.614068 16.000000
      vertex 43.840620 43.840620 16.000000
    endloop
  endfacet
  facet normal -0.000000e+00 0.000000e+00 -1.000000e+00
    outer loop
      vertex 49.497475 49.497475 4.000000
      vertex 40.879441 46.614068 4.000000
      vertex 46.154207 52.628787 4.000000
    endloop
  endfacet
  facet normal 0.000000e+00 0.000000e+00 1.000000e+00
    outer loop
      vertex 49.497475 49.497475 4.000000
      vertex 40.879441 46.614068 4.000000
      vertex 43.840620 43.840620 4.000000
    endloop
  endfacet
  facet normal 6.835923e-01 7.298641e-01 0.000000e+00
    outer loop
      vertex 49.497475 49.497475 4.000000
      vertex 46.154207 52.628787 4.000000
      vertex 46.154207 52.628787 16.000000
    endloop
  endfacet
  facet normal 6.835923e-01 7.298641e-01 -0.000000e+00
    outer loop
      vertex 49.497475 49.497475 4.000000
      vertex 46.154207 52.628787 16.000000
      vertex 49.497475 49.497475 16.000000
    endloop
  endfacet
  facet normal -6.835923e-01 -7.298641e-01 0.000000e+00
    outer loop
      vertex 43.840620 43.840620 4.000000
      vertex 40.879441 46.614068 16.000000
      vertex 40.879441 46.614068 4.000000
    endloop
  endfacet
  facet normal -6.835923e-01 -7.298641e-01 0.000000e+00
    outer loop
      vertex 43.840620 43.840620 4.000000
      vertex 43.840620 43.840620 16.000000
      vertex 40.879441 46.614068 16.000000
    endloop
  endfacet
  facet normal 0.000000e+00 0.000000e+00 1.000000e+00
    outer loop
      vertex 46.154207 52.628787 16.000000
      vertex 42.613300 55.534734 16.000000
      vertex 37.743209 49.187907 16.000000
    endloop
  endfacet
  facet normal 0.000000e+00 0.000000e+00 1.000000e+00
    outer loop
      vertex 46.154207 52.628787 16.000000
      vertex 37.743209 49.187907 16.000000
      vertex 40.879441 46.614068 16.000000
    endloop
  endfacet
  facet normal -0.000000e+00 0.000000e+00 -1.000000e+00
    outer loop
      vertex 46.154207 52.628787 4.000000
      vertex 37.743209 49.187907 4.000000
      vertex 42.613300 55.534734 4.000000
    endloop
  endfacet
  facet normal 0.000000e+00 0.000000e+00 1.000000e+00
    outer loop
      vertex 46.154207 52.628787 4.000000
      vertex 37.743209 49.187907 4.000000
      vertex 40.879441 46.614068 4.000000
    endloop
  endfacet
  facet normal 6.343933e-01 7.730105e-01 0.000000e+00
    outer loop
      vertex 46.154207 52.628787 4.000000
      vertex 42.613300 55.534734 4.000000
      vertex 42.613300 55.534734 16.000000
    endloop
  endfacet
  facet normal 6.343933e-01 7.730105e-01 -0.000000e+00
    outer loop
      vertex 46.154207 52.628787 4.000000
      vertex 42.613300 55.534734 16.000000
      vertex 46.154207 52.628787 16.000000
    endloop
  endfacet
  facet normal -6.343933e-01 -7.730105e-01 0.000000e+00
    outer loop
      vertex 40.879441 46.614068 4.000000
      vertex 37.743209 49.187907 16.000000
      vertex 37.743209 49.187907 4.000000
    endloop
  endfacet
  facet normal -6.343933e-01 -7.730105e-01 0.000000e+00
    outer loop
      vertex 40.879441 46.614068 4.000000
      vertex 40.879441 46.614068 16.000000
      vertex 37.743209 49.187907 16.000000
    endloop
  endfacet
  facet normal 0.000000e+00 0.000000e+00 1.000000e+00
    outer loop
      vertex 42.613300 55.534734 16.000000
      vertex 38.889916 58.202873 16.000000
      vertex 34.445354 51.551116 16.000000
    endloop
  endfacet
  facet normal 0.000000e+00 0.000000e+00 1.000000e+00
    outer loop
      vertex 42.613300 55.534734 16.000000
      vertex 34.445354 51.551116 16.000000
      vertex 37.743209 49.187907 16.000000
    endloop
  endfacet
  facet normal -0.000000e+00 0.000000e+00 -1.000000e+00
    outer loop
      vertex 42.613300 55.534734 4.000000
      vertex 34.445354 51.551116 4.000000
      vertex 38.889916 58.202873 4.000000
    endloop
  endfacet
  facet normal 0.000000e+00 0.000000e+00 1.000000e+00
    outer loop
      vertex 42.613300 55.534734 4.000000
      vertex 34.445354 51.551116 4.000000
      vertex 37.743209 49.187907 4.000000
    endloop
  endfacet
  facet normal 5.824777e-01 8.128467e-01 0.000000e+00
    outer loop
      vertex 42.613300 55.534734 4.000000
      vertex 38.889916 58.202873 4.000000
      vertex 38.889916 58.202873 16.000000
    endloop
  endfacet
  facet normal 5.824777e-01 8.128467e-01 -0.000000e+00
    outer loop
      vertex 42.613300 55.534734 4.000000
      vertex 38.889916 58.202873 16.000000
      vertex 42.613300 55.534734 16.000000
    endloop
  endfacet
  facet normal -5.824777e-01 -8.128467e-01 0.000000e+00
    outer loop
      vertex 37.743209 49.187907 4.000000
      vertex 34.445354 51.551116 16.000000
      vertex 34.445354 51.551116 4.000000
    endloop
  endfacet
  facet normal -5.824777e-01 -8.128467e-01 0.000000e+00
    outer loop
      vertex 37.743209 49.187907 4.000000
      vertex 37.743209 49.187907 16.000000
      vertex 34.445354 51.551116 16.000000
    endloop
  endfacet
  facet normal 0.000000e+00 0.000000e+00 1.000000e+00
    outer loop
      vertex 38.889916 58.202873 16.000000
      vertex 35.000000 60.621778 16.000000
      vertex 31.000000 53.693575 16.000000
    endloop
  endfacet
  facet normal 0.000000e+00 0.000000e+00 1.000000e+00
    outer loop
      vertex 38.889916 58.202873 16.000000
      vertex 31.000000 53.693575 16.000000
      vertex 34.445354 51.551116 16.000000
    endloop
  endfacet
  facet normal -0.000000e+00 0.000000e+00 -1.000000e+00
    outer loop
      vertex 38.889916 58.202873 4.000000
      vertex 31.000000 53.693575 4.000000
      vertex 35.000000 60.621778 4.000000
    endloop
  endfacet
  facet normal 0.000000e+00 0.000000e+00 1.000000e+00
    outer loop
      vertex 38.889916 58.202873 4.000000
      vertex 31.000000 53.693575 4.000000
      vertex 34.445354 51.551116 4.000000
    endloop
  endfacet
  facet normal 5.280679e-01 8.492022e-01 0.000000e+00
    outer loop
      vertex 38.889916 58.202873 4.000000
      vertex 35.000000 60.621778 4.000000
      vertex 35.000000 60.621778 16.000000
    endloop
  endfacet
  facet normal 5.280679e-01 8.492022e-01 -0.000000e+00
    outer loop
      vertex 38.889916 58.202873 4.000000
      vertex 35.000000 60.621778 16.000000
      vertex 38.889916 58.202873 16.000000
    endloop
  endfacet
  facet normal -5.280679e-01 -8.492022e-01 0.000000e+00
    outer loop
      vertex 34.445354 51.551116 4.000000
      vertex 31.000000 53.693575 16.000000
      vertex 31.000000 53.693575 4.000000
    endloop
  endfacet
  facet normal -5.280679e-01 -8.492022e-01 0.000000e+00
    outer loop
      vertex 34.445354 51.551116 4.000000
      vertex 34.445354 51.551116 16.000000
      vertex 31.000000 53.693575 16.000000
    endloop
  endfacet
  facet normal 0.000000e+00 0.000000e+00 1.000000e+00
    outer loop
      vertex 35.000000 60.621778 16.000000
      vertex 30.960208 62.781092 16.000000
      vertex 27.421899 55.606110 16.000000
    endloop
  endfacet
  facet normal 0.000000e+00 0.000000e+00 1.000000e+00
    outer loop
      vertex 35.000000 60.621778 16.000000
      vertex 27.421899 55.606110 16.000000
      vertex 31.000000 53.693575 16.000000
    endloop
  endfacet
  facet normal -0.000000e+00 0.000000e+00 -1.000000e+00
    outer loop
      vertex 35.000000 60.621778 4.000000
      vertex 27.421899 55.606110 4.000000
      vertex 30.960208 62.781092 4.000000
    endloop
  endfacet
  facet normal 0.000000e+00 0.000000e+00 1.000000e+00
    outer loop
      vertex 35.000000 60.621778 4.000000
      vertex 27.421899 55.606110 4.000000
      vertex 31.000000 53.693575 4.000000
    endloop
  endfacet
  facet normal 4.713967e-01 8.819213e-01 0.000000e+00
    outer loop
      vertex 35.000000 60.621778 4.000000
      vertex 30.960208 62.781092 4.000000
      vertex 30.960208 62.781092 16.000000
    endloop
  endfacet
  facet normal 4.713967e-01 8.819213e-01 -0.000000e+00
    outer loop
      vertex 35.000000 60.621778 4.000000
      vertex 30.960208 62.781092 16.000000
      vertex 35.000000 60.621778 16.000000
    endloop
  endfacet
  facet normal -4.713967e-01 -8.819213e-01 0.000000e+00
    outer loop
      vertex 31.000000 53.693575 4.000000
      vertex 27.421899 55.606110 16.000000
      vertex 27.421899 55.606110 4.000000
    endloop
  endfacet
  facet normal -4.713967e-01 -8.819213e-01 0.000000e+00
    outer loop
      vertex 31.000000 53.693575 4.000000
      vertex 31.000000 53.693575 16.000000
      vertex 27.421899 55.606110 16.000000
    endloop
  endfacet
  facet normal 0.000000e+00 0.000000e+00 1.000000e+00
    outer loop
      vertex 30.960208 62.781092 16.000000
      vertex 26.787840 64.671567 16.000000
      vertex 23.726373 57.280531 16.000000
    endloop
  endfacet
  facet normal 0.000000e+00 0.000000e+00 1.000000e+00
    outer loop
      vertex 30.960208 62.781092 16.000000
      vertex 23.726373 57.280531 16.000000
      vertex 27.421899 55.606110 16.000000
    endloop
  endfacet
  facet normal -0.000000e+00 0.000000e+00 -1.000000e+00
    outer loop
      vertex 30.960208 62.781092 4.000000
      vertex 23.726373 57.280531 4.000000
      vertex 26.787840 64.671567 4.000000
    endloop
  endfacet
  facet normal 0.000000e+00 0.000000e+00 1.000000e+00
    outer loop
      vertex 30.960208 62.781092 4.000000
      vertex 23.726373 57.280531 4.000000
      vertex 27.421899 55.606110 4.000000
    endloop
  endfacet
  facet normal 4.127070e-01 9.108638e-01 0.000000e+00
    outer loop
      vertex 30.960208 62.781092 4.000000
      vertex 26.787840 64.671567 4.000000
      vertex 26.787840 64.671567 16.000000
    endloop
  endfacet
  facet normal 4.127070e-01 9.108638e-01 -0.000000e+00
    outer loop
      vertex 30.960208 62.781092 4.000000
      vertex 26.787840 64.671567 16.000000
      vertex 30.960208 62.781092 16.000000
    endloop
  endfacet
  facet normal -4.127070e-01 -9.108638e-01 0.000000e+00
    outer loop
      vertex 27.421899 55.606110 4.000000
      vertex 23.726373 57.280531 16.000000
      vertex 23.726373 57.280531 4.000000
    endloop
  endfacet
  facet normal -4.127070e-01 -9.108638e-01 0.000000e+00
    outer loop
      vertex 27.421899 55.606110 4.000000
      vertex 27.421899 55.606110 16.000000
      vertex 23.726373 57.280531 16.000000
    endloop
  endfacet
  facet normal 0.000000e+00 0.000000e+00 1.000000e+00
    outer loop
      vertex 26.787840 64.671567 16.000000
      vertex 22.500763 66.285109 16.000000
      vertex 19.929247 58.709668 16.000000
    endloop
  endfacet
  facet normal 0.000000e+00 0.000000e+00 1.000000e+00
    outer loop
      vertex 26.787840 64.671567 16.000000
      vertex 19.929247 58.709668 16.000000
      vertex 23.726373 57.280531 16.000000
    endloop
  endfacet
  facet normal -0.000000e+00 0.000000e+00 -1.000000e+00
    outer loop
      vertex 26.787840 64.671567 4.000000
      vertex 19.929247 58.709668 4.000000
      vertex 22.500763 66.285109 4.000000
    endloop
  endfacet
  facet normal 0.000000e+00 0.000000e+00 1.000000e+00
    outer loop
      vertex 26.787840 64.671567 4.000000
      vertex 19.929247 58.709668 4.000000
      vertex 23.726373 57.280531 4.000000
    endloop
  endfacet
  facet normal 3.522500e-01 9.359059e-01 0.000000e+00
    outer loop
      vertex 26.787840 64.671567 4.000000
      vertex 22.500763 66.285109 4.000000
      vertex 22.500763 66.285109 16.000000
    endloop
  endfacet
  facet normal 3.522500e-01 9.359059e-01 -0.000000e+00
    outer loop
      vertex 26.787840 64.671567 4.000000
      vertex 22.500763 66.285109 16.000000
      vertex 26.787840 64.671567 16.000000
    endloop
  endfacet
  facet normal -3.522500e-01 -9.359059e-01 0.000000e+00
    outer loop
      vertex 23.726373 57.280531 4.000000
      vertex 19.929247 58.709668 16.000000
      vertex 19.929247 58.709668 4.000000
    endloop
  endfacet
  facet normal -3.522500e-01 -9.359059e-01 0.000000e+00
    outer loop
      vertex 23.726373 57.280531 4.000000
      vertex 23.726373 57.280531 16.000000
      vertex 19.929247 58.709668 16.000000
    endloop
  endfacet
  facet normal 0.000000e+00 0.000000e+00 1.000000e+00
    outer loop
      vertex 22.500763 66.285109 16.000000
      vertex 18.117333 67.614808 16.000000
      vertex 16.046781 59.887401 16.000000
    endloop
  endfacet
  facet normal 0.000000e+00 0.000000e+00 1.000000e+00
    outer loop
      vertex 22.500763 66.285109 16.000000
      vertex 16.046781 59.887401 16.000000
      vertex 19.929247 58.709668 16.000000
    endloop
  endfacet
  facet normal -0.000000e+00 0.000000e+00 -1.000000e+00
    outer loop
      vertex 22.500763 66.285109 4.000000
      vertex 16.046781 59.887401 4.000000
      vertex 18.117333 67.614808 4.000000
    endloop
  endfacet
  facet normal 0.000000e+00 0.000000e+00 1.000000e+00
    outer loop
      vertex 22.500763 66.285109 4.000000
      vertex 16.046781 59.887401 4.000000
      vertex 19.929247 58.709668 4.000000
    endloop
  endfacet
  facet normal 2.902847e-01 9.569403e-01 0.000000e+00
    outer loop
      vertex 22.500763 66.285109 4.000000
      vertex 18.117333 67.614808 4.000000
      vertex 18.117333 67.614808 16.000000
    endloop
  endfacet
  facet normal 2.902847e-01 9.569403e-01 -0.000000e+00
    outer loop
      vertex 22.500763 66.285109 4.000000
      vertex 18.117333 67.614808 16.000000
      vertex 22.500763 66.285109 16.000000
    endloop
  endfacet
  facet normal -2.902847e-01 -9.569403e-01 0.000000e+00
    outer loop
      vertex 19.929247 58.709668 4.000000
      vertex 16.046781 59.887401 16.000000
      vertex 16.046781 59.887401 4.000000
    endloop
  endfacet
  facet normal -2.902847e-01 -9.569403e-01 0.000000e+00
    outer loop
      vertex 19.929247 58.709668 4.000000
      vertex 19.929247 58.709668 16.000000
      vertex 16.046781 59.887401 16.000000
    endloop
  endfacet
  facet normal 0.000000e+00 0.000000e+00 1.000000e+00
    outer loop
      vertex 18.117333 67.614808 16.000000
      vertex 13.656323 68.654970 16.000000
      vertex 12.095600 60.808687 16.000000
    endloop
  endfacet
  facet normal 0.000000e+00 0.000000e+00 1.000000e+00
    outer loop
      vertex 18.117333 67.614808 16.000000
      vertex 12.095600 60.808687 16.000000
      vertex 16.046781 59.887401 16.000000
    endloop
  endfacet
  facet normal -0.000000e+00 0.000000e+00 -1.000000e+00
    outer loop
      vertex 18.117333 67.614808 4.000000
      vertex 12.095600 60.808687 4.000000
      vertex 13.656323 68.654970 4.000000
    endloop
  endfacet
  facet normal 0.000000e+00 0.000000e+00 1.000000e+00
    outer loop
      vertex 18.117333 67.614808 4.000000
      vertex 12.095600 60.808687 4.000000
      vertex 16.046781 59.887401 4.000000
    endloop
  endfacet
  facet normal 2.270763e-01 9.738770e-01 0.000000e+00
    outer loop
      vertex 18.117333 67.614808 4.000000
      vertex 13.656323 68.654970 4.000000
      vertex 13.656323 68.654970 16.000000
    endloop
  endfacet
  facet normal 2.270763e-01 9.738770e-01 -0.000000e+00
    outer loop
      vertex 18.117333 67.614808 4.000000
      vertex 13.656323 68.654970 16.000000
      vertex 18.117333 67.614808 16.000000
    endloop
  endfacet
  facet normal -2.270763e-01 -9.738770e-01 0.000000e+00
    outer loop
      vertex 16.046781 59.887401 4.000000
      vertex 12.095600 60.808687 16.000000
      vertex 12.095600 60.808687 4.000000
    endloop
  endfacet
  facet normal -2.270763e-01 -9.738770e-01 0.000000e+00
    outer loop
      vertex 16.046781 59.887401 4.000000
      vertex 16.046781 59.887401 16.000000
      vertex 12.095600 60.808687 16.000000
    endloop
  endfacet
  facet normal 0.000000e+00 0.000000e+00 1.000000e+00
    outer loop
      vertex 13.656323 68.654970 16.000000
      vertex 9.136833 69.401140 16.000000
      vertex 8.092624 61.469581 16.000000
    endloop
  endfacet
  facet normal 0.000000e+00 0.000000e+00 1.000000e+00
    outer loop
      vertex 13.656323 68.654970 16.000000
      vertex 8.092624 61.469581 16.000000
      vertex 12.095600 60.808687 16.000000
    endloop
  endfacet
  facet normal -0.000000e+00 0.000000e+00 -1.000000e+00
    outer loop
      vertex 13.656323 68.654970 4.000000
      vertex 8.092624 61.469581 4.000000
      vertex 9.136833 69.401140 4.000000
    endloop
  endfacet
  facet normal 0.000000e+00 0.000000e+00 1.000000e+00
    outer loop
      vertex 13.656323 68.654970 4.000000
      vertex 8.092624 61.469581 4.000000
      vertex 12.095600 60.808687 4.000000
    endloop
  endfacet
  facet normal 1.628955e-01 9.866433e-01 0.000000e+00
    outer loop
      vertex 13.656323 68.654970 4.000000
      vertex 9.136833 69.401140 4.000000
      vertex 9.136833 69.401140 16.000000
    endloop
  endfacet
  facet normal 1.628955e-01 9.866433e-01 -0.000000e+00
    outer loop
      vertex 13.656323 68.654970 4.000000
      vertex 9.136833 69.401140 16.000000
      vertex 13.656323 68.654970 16.000000
    endloop
  endfacet
  facet normal -1.628955e-01 -9.866433e-01 0.000000e+00
    outer loop
      vertex 12.095600 60.808687 4.000000
      vertex 8.092624 61.469581 16.000000
      vertex 8.092624 61.469581 4.000000
    endloop
  endfacet
  facet normal -1.628955e-01 -9.866433e-01 0.000000e+00
    outer loop
      vertex 12.095600 60.808687 4.000000
      vertex 12.095600 60.808687 16.000000
      vertex 8.092624 61.469581 16.000000
    endloop
  endfacet
  facet normal 0.000000e+00 0.000000e+00 1.000000e+00
    outer loop
      vertex 9.136833 69.401140 16.000000
      vertex 4.578219 69.850125 16.000000
      vertex 4.054994 61.867253 16.000000
    endloop
  endfacet
  facet normal 0.000000e+00 0.000000e+00 1.000000e+00
    outer loop
      vertex 9.136833 69.401140 16.000000
      vertex 4.054994 61.867253 16.000000
      vertex 8.092624 61.469581 16.000000
    endloop
  endfacet
  facet normal -0.000000e+00 0.000000e+00 -1.000000e+00
    outer loop
      vertex 9.136833 69.401140 4.000000
      vertex 4.054994 61.867253 4.000000
      vertex 4.578219 69.850125 4.000000
    endloop
  endfacet
  facet normal 0.000000e+00 0.000000e+00 1.000000e+00
    outer loop
      vertex 9.136833 69.401140 4.000000
      vertex 4.054994 61.867253 4.000000
      vertex 8.092624 61.469581 4.000000
    endloop
  endfacet
  facet normal 9.801714e-02 9.951847e-01 0.000000e+00
    outer loop
      vertex 9.136833 69.401140 4.000000
      vertex 4.578219 69.850125 4.000000
      vertex 4.578219 69.850125 16.000000
    endloop
  endfacet
  facet normal 9.801714e-02 9.951847e-01 -0.000000e+00
    outer loop
      vertex 9.136833 69.401140 4.000000
      vertex 4.578219 69.850125 16.000000
      vertex 9.136833 69.401140 16.000000
    endloop
  endfacet
  facet normal -9.801714e-02 -9.951847e-01 0.000000e+00
    outer loop
      vertex 8.092624 61.469581 4.000000
      vertex 4.054994 61.867253 16.000000
      vertex 4.054994 61.867253 4.000000
    endloop
  endfacet
  facet normal -9.801714e-02 -9.951847e-01 0.000000e+00
    outer loop
      vertex 8.092624 61.469581 4.000000
      vertex 8.092624 61.469581 16.000000
      vertex 4.054994 61.867253 16.000000
    endloop
  endfacet
  facet normal 0.000000e+00 0.000000e+00 1.000000e+00
    outer loop
      vertex 4.578219 69.850125 16.000000
      vertex 0.000000 70.000000 16.000000
      vertex 0.000000 62.000000 16.000000
    endloop
  endfacet
  facet normal 0.000000e+00 0.000000e+00 1.000000e+00
    outer loop
      vertex 4.578219 69.850125 16.000000
      vertex 0.000000 62.000000 16.000000
      vertex 4.054994 61.867253 16.000000
    endloop
  endfacet
  facet normal -0.000000e+00 0.000000e+00 -1.000000e+00
    outer loop
      vertex 4.578219 69.850125 4.000000
      vertex 0.000000 62.000000 4.000000
      vertex 0.000000 70.000000 4.000000
    endloop
  endfacet
  facet normal 0.000000e+00 0.000000e+00 1.000000e+00
    outer loop
      vertex 4.578219 69.850125 4.000000
      vertex 0.000000 62.000000 4.000000
      vertex 4.054994 61.867253 4.000000
    endloop
  endfacet
  facet normal 3.271908e-02 9.994646e-01 0.000000e+00
    outer loop
      vertex 4.578219 69.850125 4.000000
      vertex 0.000000 70.000000 4.000000
      vertex 0.000000 70.000000 16.000000
    endloop
  endfacet
  facet normal 3.271908e-02 9.994646e-01 -0.000000e+00
    outer loop
      vertex 4.578219 69.850125 4.000000
      vertex 0.000000 70.000000 16.000000
      vertex 4.578219 69.850125 16.000000
    endloop
  endfacet
  facet normal -3.271908e-02 -9.994646e-01 0.000000e+00
    outer loop
      vertex 4.054994 61.867253 4.000000
      vertex 0.000000 62.000000 16.000000
      vertex 0.000000 62.000000 4.000000
    endloop
  endfacet
  facet normal -3.271908e-02 -9.994646e-01 0.000000e+00
    outer loop
      vertex 4.054994 61.867253 4.000000
      vertex 4.054994 61.867253 16.000000
      vertex 0.000000 62.000000 16.000000
    endloop
  endfacet
  facet normal 0.000000e+00 0.000000e+00 1.000000e+00
    outer loop
      vertex 0.000000 70.000000 16.000000
      vertex -4.578219 69.850125 16.000000
      vertex -4.054994 61.867253 16.000000
    endloop
  endfacet
  facet normal 0.000000e+00 0.000000e+00 1.000000e+00
    outer loop
      vertex 0.000000 70.000000 16.000000
      vertex -4.054994 61.867253 16.000000
      vertex 0.000000 62.000000 16.000000
    endloop
  endfacet
  facet normal 0.000000e+00 0.000000e+00 -1.000000e+00
    outer loop
      vertex 0.000000 70.000000 4.000000
      vertex -4.054994 61.867253 4.000000
      vertex -4.578219 69.850125 4.000000
    endloop
  endfacet
  facet normal 0.000000e+00 0.000000e+00 1.000000e+00
    outer loop
      vertex 0.000000 70.000000 4.000000
      vertex -4.054994 61.867253 4.000000
      vertex 0.000000 62.000000 4.000000
    endloop
  endfacet
  facet normal -3.271908e-02 9.994646e-01 0.000000e+00
    outer loop
      vertex 0.000000 70.000000 4.000000
      vertex -4.578219 69.850125 4.000000
      vertex -4.578219 69.850125 16.000000
    endloop
  endfacet
  facet normal -3.271908e-02 9.994646e-01 0.000000e+00
    outer loop
      vertex 0.000000 70.000000 4.000000
      vertex -4.578219 69.850125 16.000000
      vertex 0.000000 70.000000 16.000000
    endloop
  endfacet
  facet normal 3.271908e-02 -9.994646e-01 0.000000e+00
    outer loop
      vertex 0.000000 62.000000 4.000000
      vertex -4.054994 61.867253 16.000000
      vertex -4.054994 61.867253 4.000000
    endloop
  endfacet
  facet normal 3.271908e-02 -9.994646e-01 0.000000e+00
    outer loop
      vertex 0.000000 62.000000 4.000000
      vertex 0.000000 62.000000 16.000000
      vertex -4.054994 61.867253 16.000000
    endloop
  endfacet
  facet normal 0.000000e+00 0.000000e+00 1.000000e+00
    outer loop
      vertex -4.578219 69.850125 16.000000
      vertex -9.136833 69.401140 16.000000
      vertex -8.092624 61.469581 16.000000
    endloop
  endfacet
  facet normal 0.000000e+00 0.000000e+00 1.000000e+00
    outer loop
      vertex -4.578219 69.850125 16.000000
      vertex -8.092624 61.469581 16.000000
      vertex -4.054994 61.867253 16.000000
    endloop
  endfacet
  facet normal 0.000000e+00 0.000000e+00 -1.000000e+00
    outer loop
      vertex -4.578219 69.850125 4.000000
      vertex -8.092624 61.469581 4.000000
      vertex -9.136833 69.401140 4.000000
    endloop
  endfacet
  facet normal 0.000000e+00 0.000000e+00 1.000000e+00
    outer loop
      vertex -4.578219 69.850125 4.000000
      vertex -8.092624 61.469581 4.000000
      vertex -4.054994 61.867253 4.000000
    endloop
  endfacet
  facet normal -9.801714e-02 9.951847e-01 0.000000e+00
    outer loop
      vertex -4.578219 69.850125 4.000000
      vertex -9.136833 69.401140 4.000000
      vertex -9.136833 69.401140 16.000000
    endloop
  endfacet
  facet normal -9.801714e-02 9.951847e-01 0.000000e+00
    outer loop
      vertex -4.578219 69.850125 4.000000
      vertex -9.136833 69.401140 16.000000
      vertex -4.578219 69.850125 16.000000
    endloop
  endfacet
  facet normal 9.801714e-02 -9.951847e-01 0.000000e+00
    outer loop
      vertex -4.054994 61.867253 4.000000
      vertex -8.092624 61.469581 16.000000
      vertex -8.092624 61.469581 4.000000
    endloop
  endfacet
  facet normal 9.801714e-02 -9.951847e-01 0.000000e+00
    outer loop
      vertex -4.054994 61.867253 4.000000
      vertex -4.054994 61.867253 16.000000
      vertex -8.092624 61.469581 16.000000
    endloop
  endfacet
  facet normal 0.000000e+00 0.000000e+00 1.000000e+00
    outer loop
      vertex -9.136833 69.401140 16.000000
      vertex -13.656323 68.654970 16.000000
      vertex -12.095600 60.808687 16.000000
    endloop
  endfacet
  facet normal 0.000000e+00 0.000000e+00 1.000000e+00
    outer loop
      vertex -9.136833 69.401140 16.000000
      vertex -12.095600 60.808687 16.000000
      vertex -8.092624 61.469581 16.000000
    endloop
  endfacet
  facet normal 0.000000e+00 0.000000e+00 -1.000000e+00
    outer loop
      vertex -9.136833 69.401140 4.000000
      vertex -12.095600 60.808687 4.000000
      vertex -13.656323 68.654970 4.000000
    endloop
  endfacet
  facet normal 0.000000e+00 0.000000e+00 1.000000e+00
    outer loop
      vertex -9.136833 69.401140 4.000000
      vertex -12.095600 60.808687 4.000000
      vertex -8.092624 61.469581 4.000000
    endloop
  endfacet
  facet normal -1.628955e-01 9.866433e-01 0.000000e+00
    outer loop
      vertex -9.136833 69.401140 4.000000
      vertex -13.656323 68.654970 4.000000
      vertex -13.656323 68.654970 16.000000
    endloop
  endfacet
  facet normal -1.628955e-01 9.866433e-01 0.000000e+00
    outer loop
      vertex -9.136833 69.401140 4.000000
      vertex -13.656323 68.654970 16.000000
      vertex -9.136833 69.401140 16.000000
    endloop
  endfacet
  facet normal 1.628955e-01 -9.866433e-01 0.000000e+00
    outer loop
      vertex -8.092624 61.469581 4.000000
      vertex -12.095600 60.808687 16.000000
      vertex -12.095600 60.808687 4.000000
    endloop
  endfacet
  facet normal 1.628955e-01 -9.866433e-01 0.000000e+00
    outer loop
      vertex -8.092624 61.469581 4.000000
      vertex -8.092624 61.469581 16.000000
      vertex -12.095600 60.808687 16.000000
    endloop
  endfacet
  facet normal 0.000000e+00 0.000000e+00 1.000000e+00
    outer loop
      vertex -13.656323 68.654970 16.000000
      vertex -18.117333 67.614808 16.000000
      vertex -16.046781 59.887401 16.000000
    endloop
  endfacet
  facet normal 0.000000e+00 0.000000e+00 1.000000e+00
    outer loop
      vertex -13.656323 68.654970 16.000000
      vertex -16.046781 59.887401 16.000000
      vertex -12.095600 60.808687 16.000000
    endloop
  endfacet
  facet normal 0.000000e+00 0.000000e+00 -1.000000e+00
    outer loop
      vertex -13.656323 68.654970 4.000000
      vertex -16.046781 59.887401 4.000000
      vertex -18.117333 67.614808 4.000000
    endloop
  endfacet
  facet normal 0.000000e+00 0.000000e+00 1.000000e+00
    outer loop
      vertex -13.656323 68.654970 4.000000
      vertex -16.046781 59.887401 4.000000
      vertex -12.095600 60.808687 4.000000
    endloop
  endfacet
  facet normal -2.270763e-01 9.738770e-01 0.000000e+00
    outer loop
      vertex -13.656323 68.654970 4.000000
      vertex -18.117333 67.614808 4.000000
      vertex -18.117333 67.614808 16.000000
    endloop
  endfacet
  facet normal -2.270763e-01 9.738770e-01 0.000000e+00
    outer loop
      vertex -13.656323 68.654970 4.000000
      vertex -18.117333 67.614808 16.000000
      vertex -13.656323 68.654970 16.000000
    endloop
  endfacet
  facet normal 2.270763e-01 -9.738770e-01 0.000000e+00
    outer loop
      vertex -12.095600 60.808687 4.000000
      vertex -16.046781 59.887401 16.000000
      vertex -16.046781 59.887401 4.000000
    endloop
  endfacet
  facet normal 2.270763e-01 -9.738770e-01 0.000000e+00
    outer loop
      vertex -12.095600 60.808687 4.000000
      vertex -12.095600 60.808687 16.000000
      vertex -16.046781 59.887401 16.000000
    endloop
  endfacet
  facet normal 0.000000e+00 0.000000e+00 1.000000e+00
    outer loop
      vertex -18.117333 67.614808 16.000000
      vertex -22.500763 66.285109 16.000000
      vertex -19.929247 58.709668 16.000000
    endloop
  endfacet
  facet normal 0.000000e+00 0.000000e+00 1.000000e+00
    outer loop
      vertex -18.117333 67.614808 16.000000
      vertex -19.929247 58.709668 16.000000
      vertex -16.046781 59.887401 16.000000
    endloop
  endfacet
  facet normal 0.000000e+00 0.000000e+00 -1.000000e+00
    outer loop
      vertex -18.117333 67.614808 4.000000
      vertex -19.929247 58.709668 4.000000
      vertex -22.500763 66.285109 4.000000
    endloop
  endfacet
  facet normal 0.000000e+00 0.000000e+00 1.000000e+00
    outer loop
      vertex -18.117333 67.614808 4.000000
      vertex -19.929247 58.709668 4.000000
      vertex -16.046781 59.887401 4.000000
    endloop
  endfacet
  facet normal -2.902847e-01 9.569403e-01 0.000000e+00
    outer loop
      vertex -18.117333 67.614808 4.000000
      vertex -22.500763 66.285109 4.000000
      vertex -22.500763 66.285109 16.000000
    endloop
  endfacet
  facet normal -2.902847e-01 9.569403e-01 0.000000e+00
    outer loop
      vertex -18.117333 67.614808 4.000000
      vertex -22.500763 66.285109 16.000000
      vertex -18.117333 67.614808 16.000000
    endloop
  endfacet
  facet normal 2.902847e-01 -9.569403e-01 0.000000e+00
    outer loop
      vertex -16.046781 59.887401 4.000000
      vertex -19.929247 58.709668 16.000000
      vertex -19.929247 58.709668 4.000000
    endloop
  endfacet
  facet normal 2.902847e-01 -9.569403e-01 0.000000e+00
    outer loop
      vertex -16.046781 59.887401 4.000000
      vertex -16.046781 59.887401 16.000000
      vertex -19.929247 58.709668 16.000000
    endloop
  endfacet
  facet normal 0.000000e+00 0.000000e+00 1.000000e+00
    outer loop
      vertex -22.500763 66.285109 16.000000
      vertex -26.787840 64.671567 16.000000
      vertex -23.726373 57.280531 16.000000
    endloop
  endfacet
  facet normal 0.000000e+00 0.000000e+00 1.000000e+00
    outer loop
      vertex -22.500763 66.285109 16.000000
      vertex -23.726373 57.280531 16.000000
      vertex -19.929247 58.709668 16.000000
    endloop
  endfacet
  facet normal 0.000000e+00 0.000000e+00 -1.000000e+00
    outer loop
      vertex -22.500763 66.285109 4.000000
      vertex -23.726373 57.280531 4.000000
      vertex -26.787840 64.671567 4.000000
    endloop
  endfacet
  facet normal 0.000000e+00 0.000000e+00 1.000000e+00
    outer loop
      vertex -22.500763 66.285109 4.000000
      vertex -23.726373 57.280531 4.000000
      vertex -19.929247 58.709668 4.000000
    endloop
  endfacet
  facet normal -3.522500e-01 9.359059e-01 0.000000e+00
    outer loop
      vertex -22.500763 66.285109 4.000000
      vertex -26.787840 64.671567 4.000000
      vertex -26.787840 64.671567 16.000000
    endloop
  endfacet
  facet normal -3.522500e-01 9.359059e-01 0.000000e+00
    outer loop
      vertex -22.500763 66.285109 4.000000
      vertex -26.787840 64.671567 16.000000
      vertex -22.500763 66.285109 16.000000
    endloop
  endfacet
  facet normal 3.522500e-01 -9.359059e-01 0.000000e+00
    outer loop
      vertex -19.929247 58.709668 4.000000
      vertex -23.726373 57.280531 16.000000
      vertex -23.726373 57.280531 4.000000
    endloop
  endfacet
  facet normal 3.522500e-01 -9.359059e-01 0.000000e+00
    outer loop
      vertex -19.929247 58.709668 4.000000
      vertex -19.929247 58.709668 16.000000
      vertex -23.726373 57.280531 16.000000
    endloop
  endfacet
  facet normal 0.000000e+00 0.000000e+00 1.000000e+00
    outer loop
      vertex -26.787840 64.671567 16.000000
      vertex -30.960208 62.781092 16.000000
      vertex -27.421899 55.606110 16.000000
    endloop
  endfacet
  facet normal 0.000000e+00 0.000000e+00 1.000000e+00
    outer loop
      vertex -26.787840 64.671567 16.000000
      vertex -27.421899 55.606110 16.000000
      vertex -23.726373 57.280531 16.000000
    endloop
  endfacet
  facet normal 0.000000e+00 0.000000e+00 -1.000000e+00
    outer loop
      vertex -26.787840 64.671567 4.000000
      vertex -27.421899 55.606110 4.000000
      vertex -30.960208 62.781092 4.000000
    endloop
  endfacet
  facet normal 0.000000e+00 0.000000e+00 1.000000e+00
    outer loop
      vertex -26.787840 64.671567 4.000000
      vertex -27.421899 55.606110 4.000000
      vertex -23.726373 57.280531 4.000000
    endloop
  endfacet
  facet normal -4.127070e-01 9.108638e-01 0.000000e+00
    outer loop
      vertex -26.787840 64.671567 4.000000
      vertex -30.960208 62.781092 4.000000
      vertex -30.960208 62.781092 16.000000
    endloop
  endfacet
  facet normal -4.127070e-01 9.108638e-01 0.000000e+00
    outer loop
      vertex -26.787840 64.671567 4.000000
      vertex -30.960208 62.781092 16.000000
      vertex -26.787840 64.671567 16.000000
    endloop
  endfacet
  facet normal 4.127070e-01 -9.108638e-01 0.000000e+00
    outer loop
      vertex -23.726373 57.280531 4.000000
      vertex -27.421899 55.606110 16.000000
      vertex -27.421899 55.606110 4.000000
    endloop
  endfacet
  facet normal 4.127070e-01 -9.108638e-01 0.000000e+00
    outer loop
      vertex -23.726373 57.280531 4.000000
      vertex -23.726373 57.280531 16.000000
      vertex -27.421899 55.606110 16.000000
    endloop
  endfacet
  facet normal 0.000000e+00 0.000000e+00 1.000000e+00
    outer loop
      vertex -30.960208 62.781092 16.000000
      vertex -35.000000 60.621778 16.000000
      vertex -31.000000 53.693575 16.000000
    endloop
  endfacet
  facet normal 0.000000e+00 0.000000e+00 1.000000e+00
    outer loop
      vertex -30.960208 62.781092 16.000000
      vertex -31.000000 53.693575 16.000000
      vertex -27.421899 55.606110 16.000000
    endloop
  endfacet
  facet normal 0.000000e+00 0.000000e+00 -1.000000e+00
    outer loop
      vertex -30.960208 62.781092 4.000000
      vertex -31.000000 53.693575 4.000000
      vertex -35.000000 60.621778 4.000000
    endloop
  endfacet
  facet normal 0.000000e+00 0.000000e+00 1.000000e+00
    outer loop
      vertex -30.960208 62.781092 4.000000
      vertex -31.000000 53.693575 4.000000
      vertex -27.421899 55.606110 4.000000
    endloop
  endfacet
  facet normal -4.713967e-01 8.819213e-01 0.000000e+00
    outer loop
      vertex -30.960208 62.781092 4.000000
      vertex -35.000000 60.621778 4.000000
      vertex -35.000000 60.621778 16.000000
    endloop
  endfacet
  facet normal -4.713967e-01 8.819213e-01 0.000000e+00
    outer loop
      vertex -30.960208 62.781092 4.000000
      vertex -35.000000 60.621778 16.000000
      vertex -30.960208 62.781092 16.000000
    endloop
  endfacet
  facet normal 4.713967e-01 -8.819213e-01 0.000000e+00
    outer loop
      vertex -27.421899 55.606110 4.000000
      vertex -31.000000 53.693575 16.000000
      vertex -31.000000 53.693575 4.000000
    endloop
  endfacet
  facet normal 4.713967e-01 -8.819213e-01 0.000000e+00
    outer loop
      vertex -27.421899 55.606110 4.000000
      vertex -27.421899 55.606110 16.000000
      vertex -31.000000 53.693575 16.000000
    endloop
  endfacet
  facet normal 0.000000e+00 0.000000e+00 1.000000e+00
    outer loop
      vertex -35.000000 60.621778 16.000000
      vertex -38.889916 58.202873 16.000000
      vertex -34.445354 51.551116 16.000000
    endloop
  endfacet
  facet normal 0.000000e+00 0.000000e+00 1.000000e+00
    outer loop
      vertex -35.000000 60.621778 16.000000
      vertex -34.445354 51.551116 16.000000
      vertex -31.000000 53.693575 16.000000
    endloop
  endfacet
  facet normal 0.000000e+00 -0.000000e+00 -1.000000e+00
    outer loop
      vertex -35.000000 60.621778 4.000000
      vertex -34.445354 51.551116 4.000000
      vertex -38.889916 58.202873 4.000000
    endloop
  endfacet
  facet normal 0.000000e+00 0.000000e+00 1.000000e+00
    outer loop
      vertex -35.000000 60.621778 4.000000
      vertex -34.445354 51.551116 4.000000
      vertex -31.000000 53.693575 4.000000
    endloop
  endfacet
  facet normal -5.280679e-01 8.492022e-01 0.000000e+00
    outer loop
      vertex -35.000000 60.621778 4.000000
      vertex -38.889916 58.202873 4.000000
      vertex -38.889916 58.202873 16.000000
    endloop
  endfacet
  facet normal -5.280679e-01 8.492022e-01 0.000000e+00
    outer loop
      vertex -35.000000 60.621778 4.000000
      vertex -38.889916 58.202873 16.000000
      vertex -35.000000 60.621778 16.000000
    endloop
  endfacet
  facet normal 5.280679e-01 -8.492022e-01 0.000000e+00
    outer loop
      vertex -31.000000 53.693575 4.000000
      vertex -34.445354 51.551116 16.000000
      vertex -34.445354 51.551116 4.000000
    endloop
  endfacet
  facet normal 5.280679e-01 -8.492022e-01 0.000000e+00
    outer loop
      vertex -31.000000 53.693575 4.000000
      vertex -31.000000 53.693575 16.000000
      vertex -34.445354 51.551116 16.000000
    endloop
  endfacet
  facet normal 0.000000e+00 0.000000e+00 1.000000e+00
    outer loop
      vertex -38.889916 58.202873 16.000000
      vertex -42.613300 55.534734 16.000000
      vertex -37.743209 49.187907 16.000000
    endloop
  endfacet
  facet normal 0.000000e+00 0.000000e+00 1.000000e+00
    outer loop
      vertex -38.889916 58.202873 16.000000
      vertex -37.743209 49.187907 16.000000
      vertex -34.445354 51.551116 16.000000
    endloop
  endfacet
  facet normal 0.000000e+00 -0.000000e+00 -1.000000e+00
    outer loop
      vertex -38.889916 58.202873 4.000000
      vertex -37.743209 49.187907 4.000000
      vertex -42.613300 55.534734 4.000000
    endloop
  endfacet
  facet normal 0.000000e+00 0.000000e+00 1.000000e+00
    outer loop
      vertex -38.889916 58.202873 4.000000
      vertex -37.743209 49.187907 4.000000
      vertex -34.445354 51.551116 4.000000
    endloop
  endfacet
  facet normal -5.824777e-01 8.128467e-01 0.000000e+00
    outer loop
      vertex -38.889916 58.202873 4.000000
      vertex -42.613300 55.534734 4.000000
      vertex -42.613300 55.534734 16.000000
    endloop
  endfacet
  facet normal -5.824777e-01 8.128467e-01 0.000000e+00
    outer loop
      vertex -38.889916 58.202873 4.000000
      vertex -42.613300 55.534734 16.000000
      vertex -38.889916 58.202873 16.000000
    endloop
  endfacet
  facet normal 5.824777e-01 -8.128467e-01 0.000000e+00
    outer loop
      vertex -34.445354 51.551116 4.000000
      vertex -37.743209 49.187907 16.000000
      vertex -37.743209 49.187907 4.000000
    endloop
  endfacet
  facet normal 5.824777e-01 -8.128467e-01 0.000000e+00
    outer loop
      vertex -34.445354 51.551116 4.000000
      vertex -34.445354 51.551116 16.000000
      vertex -37.743209 49.187907 16.000000
    endloop
  endfacet
  facet normal 0.000000e+00 0.000000e+00 1.000000e+00
    outer loop
      vertex -42.613300 55.534734 16.000000
      vertex -46.154207 52.628787 16.000000
      vertex -40.879441 46.614068 16.000000
    endloop
  endfacet
  facet normal 0.000000e+00 0.000000e+00 1.000000e+00
    outer loop
      vertex -42.613300 55.534734 16.000000
      vertex -40.879441 46.614068 16.000000
      vertex -37.743209 49.187907 16.000000
    endloop
  endfacet
  facet normal 0.000000e+00 -0.000000e+00 -1.000000e+00
    outer loop
      vertex -42.613300 55.534734 4.000000
      vertex -40.879441 46.614068 4.000000
      vertex -46.154207 52.628787 4.000000
    endloop
  endfacet
  facet normal 0.000000e+00 0.000000e+00 1.000000e+00
    outer loop
      vertex -42.613300 55.534734 4.000000
      vertex -40.879441 46.614068 4.000000
      vertex -37.743209 49.187907 4.000000
    endloop
  endfacet
  facet normal -6.343933e-01 7.730105e-01 0.000000e+00
    outer loop
      vertex -42.613300 55.534734 4.000000
      vertex -46.154207 52.628787 4.000000
      vertex -46.154207 52.628787 16.000000
    endloop
  endfacet
  facet normal -6.343933e-01 7.730105e-01 0.000000e+00
    outer loop
      vertex -42.613300 55.534734 4.000000
      vertex -46.154207 52.628787 16.000000
      vertex -42.613300 55.534734 16.000000
    endloop
  endfacet
  facet normal 6.343933e-01 -7.730105e-01 0.000000e+00
    outer loop
      vertex -37.743209 49.187907 4.000000
      vertex -40.879441 46.614068 16.000000
      vertex -40.879441 46.614068 4.000000
    endloop
  endfacet
  facet normal 6.343933e-01 -7.730105e-01 0.000000e+00
    outer loop
      vertex -37.743209 49.187907 4.000000
      vertex -37.743209 49.187907 16.000000
      vertex -40.879441 46.614068 16.000000
    endloop
  endfacet
  facet normal 0.000000e+00 0.000000e+00 1.000000e+00
    outer loop
      vertex -46.154207 52.628787 16.000000
      vertex -49.497475 49.497475 16.000000
      vertex -43.840620 43.840620 16.000000
    endloop
  endfacet
  facet normal 0.000000e+00 0.000000e+00 1.000000e+00
    outer loop
      vertex -46.154207 52.628787 16.000000
      vertex -43.840620 43.840620 16.000000
      vertex -40.879441 46.614068 16.000000
    endloop
  endfacet
  facet normal 0.000000e+00 -0.000000e+00 -1.000000e+00
    outer loop
      vertex -46.154207 52.628787 4.000000
      vertex -43.840620 43.840620 4.000000
      vertex -49.497475 49.497475 4.000000
    endloop
  endfacet
  facet normal 0.000000e+00 0.000000e+00 1.000000e+00
    outer loop
      vertex -46.154207 52.628787 4.000000
      vertex -43.840620 43.840620 4.000000
      vertex -40.879441 46.614068 4.000000
    endloop
  endfacet
  facet normal -6.835923e-01 7.298641e-01 0.000000e+00
    outer loop
      vertex -46.154207 52.628787 4.000000
      vertex -49.497475 49.497475 4.000000
      vertex -49.497475 49.497475 16.000000
    endloop
  endfacet
  facet normal -6.835923e-01 7.298641e-01 0.000000e+00
    outer loop
      vertex -46.154207 52.628787 4.000000
      vertex -49.497475 49.497475 16.000000
      vertex -46.154207 52.628787 16.000000
    endloop
  endfacet
  facet normal 6.835923e-01 -7.298641e-01 0.000000e+00
    outer loop
      vertex -40.879441 46.614068 4.000000
      vertex -43.840620 43.840620 16.000000
      vertex -43.840620 43.840620 4.000000
    endloop
  endfacet
  facet normal 6.835923e-01 -7.298641e-01 0.000000e+00
    outer loop
      vertex -40.879441 46.614068 4.000000
      vertex -40.879441 46.614068 16.000000
      vertex -43.840620 43.840620 16.000000
    endloop
  endfacet
  facet normal 0.000000e+00 0.000000e+00 1.000000e+00
    outer loop
      vertex -49.497475 49.497475 16.000000
      vertex -52.628787 46.154207 16.000000
      vertex -46.614068 40.879441 16.000000
    endloop
  endfacet
  facet normal 0.000000e+00 0.000000e+00 1.000000e+00
    outer loop
      vertex -49.497475 49.497475 16.000000
      vertex -46.614068 40.879441 16.000000
      vertex -43.840620 43.840620 16.000000
    endloop
  endfacet
  facet normal 0.000000e+00 -0.000000e+00 -1.000000e+00
    outer loop
      vertex -49.497475 49.497475 4.000000
      vertex -46.614068 40.879441 4.000000
      vertex -52.628787 46.154207 4.000000
    endloop
  endfacet
  facet normal 0.000000e+00 0.000000e+00 1.000000e+00
    outer loop
      vertex -49.497475 49.497475 4.000000
      vertex -46.614068 40.879441 4.000000
      vertex -43.840620 43.840620 4.000000
    endloop
  endfacet
  facet normal -7.298641e-01 6.835923e-01 0.000000e+00
    outer loop
      vertex -49.497475 49.497475 4.000000
      vertex -52.628787 46.154207 4.000000
      vertex -52.628787 46.154207 16.000000
    endloop
  endfacet
  facet normal -7.298641e-01 6.835923e-01 0.000000e+00
    outer loop
      vertex -49.497475 49.497475 4.000000
      vertex -52.628787 46.154207 16.000000
      vertex -49.497475 49.497475 16.000000
    endloop
  endfacet
  facet normal 7.298641e-01 -6.835923e-01 0.000000e+00
    outer loop
      vertex -43.840620 43.840620 4.000000
      vertex -46.614068 40.879441 16.000000
      vertex -46.614068 40.879441 4.000000
    endloop
  endfacet
  facet normal 7.298641e-01 -6.835923e-01 0.000000e+00
    outer loop
      vertex -43.840620 43.840620 4.000000
      vertex -43.840620 43.840620 16.000000
      vertex -46.614068 40.879441 16.000000
    endloop
  endfacet
  facet normal 0.000000e+00 0.000000e+00 1.000000e+00
    outer loop
      vertex -52.628787 46.154207 16.000000
      vertex -55.534734 42.613300 16.000000
      vertex -49.187907 37.743209 16.000000
    endloop
  endfacet
  facet normal 0.000000e+00 0.000000e+00 1.000000e+00
    outer loop
      vertex -52.628787 46.154207 16.000000
      vertex -49.187907 37.743209 16.000000
      vertex -46.614068 40.879441 16.000000
    endloop
  endfacet
  facet normal 0.000000e+00 -0.000000e+00 -1.000000e+00
    outer loop
      vertex -52.628787 46.154207 4.000000
      vertex -49.187907 37.743209 4.000000
      vertex -55.534734 42.613300 4.000000
    endloop
  endfacet
  facet normal 0.000000e+00 0.000000e+00 1.000000e+00
    outer loop
      vertex -52.628787 46.154207 4.000000
      vertex -49.187907 37.743209 4.000000
      vertex -46.614068 40.879441 4.000000
    endloop
  endfacet
  facet normal -7.730105e-01 6.343933e-01 0.000000e+00
    outer loop
      vertex -52.628787 46.154207 4.000000
      vertex -55.534734 42.613300 4.000000
      vertex -55.534734 42.613300 16.000000
    endloop
  endfacet
  facet normal -7.730105e-01 6.343933e-01 0.000000e+00
    outer loop
      vertex -52.628787 46.154207 4.000000
      vertex -55.534734 42.613300 16.000000
      vertex -52.628787 46.154207 16.000000
    endloop
  endfacet
  facet normal 7.730105e-01 -6.343933e-01 0.000000e+00
    outer loop
      vertex -46.614068 40.879441 4.000000
      vertex -49.187907 37.743209 16.000000
      vertex -49.187907 37.743209 4.000000
    endloop
  endfacet
  facet normal 7.730105e-01 -6.343933e-01 0.000000e+00
    outer loop
      vertex -46.614068 40.879441 4.000000
      vertex -46.614068 40.879441 16.000000
      vertex -49.187907 37.743209 16.000000
    endloop
  endfacet
  facet normal 0.000000e+00 0.000000e+00 1.000000e+00
    outer loop
      vertex -55.534734 42.613300 16.000000
      vertex -58.202873 38.889916 16.000000
      vertex -51.551116 34.445354 16.000000
    endloop
  endfacet
  facet normal 0.000000e+00 0.000000e+00 1.000000e+00
    outer loop
      vertex -55.534734 42.613300 16.000000
      vertex -51.551116 34.445354 16.000000
      vertex -49.187907 37.743209 16.000000
    endloop
  endfacet
  facet normal 0.000000e+00 -0.000000e+00 -1.000000e+00
    outer loop
      vertex -55.534734 42.613300 4.000000
      vertex -51.551116 34.445354 4.000000
      vertex -58.202873 38.889916 4.000000
    endloop
  endfacet
  facet normal 0.000000e+00 0.000000e+00 1.000000e+00
    outer loop
      vertex -55.534734 42.613300 4.000000
      vertex -51.551116 34.445354 4.000000
      vertex -49.187907 37.743209 4.000000
    endloop
  endfacet
  facet normal -8.128467e-01 5.824777e-01 0.000000e+00
    outer loop
      vertex -55.534734 42.613300 4.000000
      vertex -58.202873 38.889916 4.000000
      vertex -58.202873 38.889916 16.000000
    endloop
  endfacet
  facet normal -8.128467e-01 5.824777e-01 0.000000e+00
    outer loop
      vertex -55.534734 42.613300 4.000000
      vertex -58.202873 38.889916 16.000000
      vertex -55.534734 42.613300 16.000000
    endloop
  endfacet
  facet normal 8.128467e-01 -5.824777e-01 0.000000e+00
    outer loop
      vertex -49.187907 37.743209 4.000000
      vertex -51.551116 34.445354 16.000000
      vertex -51.551116 34.445354 4.000000
    endloop
  endfacet
  facet normal 8.128467e-01 -5.824777e-01 0.000000e+00
    outer loop
      vertex -49.187907 37.743209 4.000000
      vertex -49.187907 37.743209 16.000000
      vertex -51.551116 34.445354 16.000000
    endloop
  endfacet
  facet normal 0.000000e+00 0.000000e+00 1.000000e+00
    outer loop
      vertex -58.202873 38.889916 16.000000
      vertex -60.621778 35.000000 16.000000
      vertex -53.693575 31.000000 16.000000
    endloop
  endfacet
  facet normal 0.000000e+00 0.000000e+00 1.000000e+00
    outer loop
      vertex -58.202873 38.889916 16.000000
      vertex -53.693575 31.000000 16.000000
      vertex -51.551116 34.445354 16.000000
    endloop
  endfacet
  facet normal 0.000000e+00 -0.000000e+00 -1.000000e+00
    outer loop
      vertex -58.202873 38.889916 4.000000
      vertex -53.693575 31.000000 4.000000
      vertex -60.621778 35.000000 4.000000
    endloop
  endfacet
  facet normal 0.000000e+00 0.000000e+00 1.000000e+00
    outer loop
      vertex -58.202873 38.889916 4.000000
      vertex -53.693575 31.000000 4.000000
      vertex -51.551116 34.445354 4.000000
    endloop
  endfacet
  facet normal -8.492022e-01 5.280679e-01 0.000000e+00
    outer loop
      vertex -58.202873 38.889916 4.000000
      vertex -60.621778 35.000000 4.000000
      vertex -60.621778 35.000000 16.000000
    endloop
  endfacet
  facet normal -8.492022e-01 5.280679e-01 0.000000e+00
    outer loop
      vertex -58.202873 38.889916 4.000000
      vertex -60.621778 35.000000 16.000000
      vertex -58.202873 38.889916 16.000000
    endloop
  endfacet
  facet normal 8.492022e-01 -5.280679e-01 0.000000e+00
    outer loop
      vertex -51.551116 34.445354 4.000000
      vertex -53.693575 31.000000 16.000000
      vertex -53.693575 31.000000 4.000000
    endloop
  endfacet
  facet normal 8.492022e-01 -5.280679e-01 0.000000e+00
    outer loop
      vertex -51.551116 34.445354 4.000000
      vertex -51.551116 34.445354 16.000000
      vertex -53.693575 31.000000 16.000000
    endloop
  endfacet
  facet normal 0.000000e+00 0.000000e+00 1.000000e+00
    outer loop
      vertex -60.621778 35.000000 16.000000
      vertex -62.781092 30.960208 16.000000
      vertex -55.606110 27.421899 16.000000
    endloop
  endfacet
  facet normal 0.000000e+00 0.000000e+00 1.000000e+00
    outer loop
      vertex -60.621778 35.000000 16.000000
      vertex -55.606110 27.421899 16.000000
      vertex -53.693575 31.000000 16.000000
    endloop
  endfacet
  facet normal 0.000000e+00 -0.000000e+00 -1.000000e+00
    outer loop
      vertex -60.621778 35.000000 4.000000
      vertex -55.606110 27.421899 4.000000
      vertex -62.781092 30.960208 4.000000
    endloop
  endfacet
  facet normal 0.000000e+00 0.000000e+00 1.000000e+00
    outer loop
      vertex -60.621778 35.000000 4.000000
      vertex -55.606110 27.421899 4.000000
      vertex -53.693575 31.000000 4.000000
    endloop
  endfacet
  facet normal -8.819213e-01 4.713967e-01 0.000000e+00
    outer loop
      vertex -60.621778 35.000000 4.000000
      vertex -62.781092 30.960208 4.000000
      vertex -62.781092 30.960208 16.000000
    endloop
  endfacet
  facet normal -8.819213e-01 4.713967e-01 0.000000e+00
    outer loop
      vertex -60.621778 35.000000 4.000000
      vertex -62.781092 30.960208 16.000000
      vertex -60.621778 35.000000 16.000000
    endloop
  endfacet
  facet normal 8.819213e-01 -4.713967e-01 0.000000e+00
    outer loop
      vertex -53.693575 31.000000 4.000000
      vertex -55.606110 27.421899 16.000000
      vertex -55.606110 27.421899 4.000000
    endloop
  endfacet
  facet normal 8.819213e-01 -4.713967e-01 0.000000e+00
    outer loop
      vertex -53.693575 31.000000 4.000000
      vertex -53.693575 31.000000 16.000000
      vertex -55.606110 27.421899 16.000000
    endloop
  endfacet
  facet normal 0.000000e+00 0.000000e+00 1.000000e+00
    outer loop
      vertex -62.781092 30.960208 16.000000
      vertex -64.671567 26.787840 16.000000
      vertex -57.280531 23.726373 16.000000
    endloop
  endfacet
  facet normal 0.000000e+00 0.000000e+00 1.000000e+00
    outer loop
      vertex -62.781092 30.960208 16.000000
      vertex -57.280531 23.726373 16.000000
      vertex -55.606110 27.421899 16.000000
    endloop
  endfacet
  facet normal 0.000000e+00 -0.000000e+00 -1.000000e+00
    outer loop
      vertex -62.781092 30.960208 4.000000
      vertex -57.280531 23.726373 4.000000
      vertex -64.671567 26.787840 4.000000
    endloop
  endfacet
  facet normal 0.000000e+00 0.000000e+00 1.000000e+00
    outer loop
      vertex -62.781092 30.960208 4.000000
      vertex -57.280531 23.726373 4.000000
      vertex -55.606110 27.421899 4.000000
    endloop
  endfacet
  facet normal -9.108638e-01 4.127070e-01 0.000000e+00
    outer loop
      vertex -62.781092 30.960208 4.000000
      vertex -64.671567 26.787840 4.000000
      vertex -64.671567 26.787840 16.000000
    endloop
  endfacet
  facet normal -9.108638e-01 4.127070e-01 0.000000e+00
    outer loop
      vertex -62.781092 30.960208 4.000000
      vertex -64.671567 26.787840 16.000000
      vertex -62.781092 30.960208 16.000000
    endloop
  endfacet
  facet normal 9.108638e-01 -4.127070e-01 0.000000e+00
    outer loop
      vertex -55.606110 27.421899 4.000000
      vertex -57.280531 23.726373 16.000000
      vertex -57.280531 23.726373 4.000000
    endloop
  endfacet
  facet normal 9.108638e-01 -4.127070e-01 0.000000e+00
    outer loop
      vertex -55.606110 27.421899 4.000000
      vertex -55.606110 27.421899 16.000000
      vertex -57.280531 23.726373 16.000000
    endloop
  endfacet
  facet normal 0.000000e+00 0.000000e+00 1.000000e+00
    outer loop
      vertex -64.671567 26.787840 16.000000
      vertex -66.285109 22.500763 16.000000
      vertex -58.709668 19.929247 16.000000
    endloop
  endfacet
  facet normal 0.000000e+00 0.000000e+00 1.000000e+00
    outer loop
      vertex -64.671567 26.787840 16.000000
      vertex -58.709668 19.929247 16.000000
      vertex -57.280531 23.726373 16.000000
    endloop
  endfacet
  facet normal 0.000000e+00 -0.000000e+00 -1.000000e+00
    outer loop
      vertex -64.671567 26.787840 4.000000
      vertex -58.709668 19.929247 4.000000
      vertex -66.285109 22.500763 4.000000
    endloop
  endfacet
  facet normal 0.000000e+00 0.000000e+00 1.000000e+00
    outer loop
      vertex -64.671567 26.787840 4.000000
      vertex -58.709668 19.929247 4.000000
      vertex -57.280531 23.726373 4.000000
    endloop
  endfacet
  facet normal -9.359059e-01 3.522500e-01 0.000000e+00
    outer loop
      vertex -64.671567 26.787840 4.000000
      vertex -66.285109 22.500763 4.000000
      vertex -66.285109 22.500763 16.000000
    endloop
  endfacet
  facet normal -9.359059e-01 3.522500e-01 0.000000e+00
    outer loop
      vertex -64.671567 26.787840 4.000000
      vertex -66.285109 22.500763 16.000000
      vertex -64.671567 26.787840 16.000000
    endloop
  endfacet
  facet normal 9.359059e-01 -3.522500e-01 0.000000e+00
    outer loop
      vertex -57.280531 23.726373 4.000000
      vertex -58.709668 19.929247 16.000000
      vertex -58.709668 19.929247 4.000000
    endloop
  endfacet
  facet normal 9.359059e-01 -3.522500e-01 0.000000e+00
    outer loop
      vertex -57.280531 23.726373 4.000000
      vertex -57.280531 23.726373 16.000000
      vertex -58.709668 19.929247 16.000000
    endloop
  endfacet
  facet normal 0.000000e+00 0.000000e+00 1.000000e+00
    outer loop
      vertex -66.285109 22.500763 16.000000
      vertex -67.614808 18.117333 16.000000
      vertex -59.887401 16.046781 16.000000
    endloop
  endfacet
  facet normal 0.000000e+00 0.000000e+00 1.000000e+00
    outer loop
      vertex -66.285109 22.500763 16.000000
      vertex -59.887401 16.046781 16.000000
      vertex -58.709668 19.929247 16.000000
    endloop
  endfacet
  facet normal 0.000000e+00 -0.000000e+00 -1.000000e+00
    outer loop
      vertex -66.285109 22.500763 4.000000
      vertex -59.887401 16.046781 4.000000
      vertex -67.614808 18.117333 4.000000
    endloop
  endfacet
  facet normal 0.000000e+00 0.000000e+00 1.000000e+00
    outer loop
      vertex -66.285109 22.500763 4.000000
      vertex -59.887401 16.046781 4.000000
      vertex -58.709668 19.929247 4.000000
    endloop
  endfacet
  facet normal -9.569403e-01 2.902847e-01 0.000000e+00
    outer loop
      vertex -66.285109 22.500763 4.000000
      vertex -67.614808 18.117333 4.000000
      vertex -67.614808 18.117333 16.000000
    endloop
  endfacet
  facet normal -9.569403e-01 2.902847e-01 0.000000e+00
    outer loop
      vertex -66.285109 22.500763 4.000000
      vertex -67.614808 18.117333 16.000000
      vertex -66.285109 22.500763 16.000000
    endloop
  endfacet
  facet normal 9.569403e-01 -2.902847e-01 0.000000e+00
    outer loop
      vertex -58.709668 19.929247 4.000000
      vertex -59.887401 16.046781 16.000000
      vertex -59.887401 16.046781 4.000000
    endloop
  endfacet
  facet normal 9.569403e-01 -2.902847e-01 0.000000e+00
    outer loop
      vertex -58.709668 19.929247 4.000000
      vertex -58.709668 19.929247 16.000000
      vertex -59.887401 16.046781 16.000000
    endloop
  endfacet
  facet normal 0.000000e+00 0.000000e+00 1.000000e+00
    outer loop
      vertex -67.614808 18.117333 16.000000
      vertex -68.654970 13.656323 16.000000
      vertex -60.808687 12.095600 16.000000
    endloop
  endfacet
  facet normal 0.000000e+00 0.000000e+00 1.000000e+00
    outer loop
      vertex -67.614808 18.117333 16.000000
      vertex -60.808687 12.095600 16.000000
      vertex -59.887401 16.046781 16.000000
    endloop
  endfacet
  facet normal 0.000000e+00 -0.000000e+00 -1.000000e+00
    outer loop
      vertex -67.614808 18.117333 4.000000
      vertex -60.808687 12.095600 4.000000
      vertex -68.654970 13.656323 4.000000
    endloop
  endfacet
  facet normal 0.000000e+00 0.000000e+00 1.000000e+00
    outer loop
      vertex -67.614808 18.117333 4.000000
      vertex -60.808687 12.095600 4.000000
      vertex -59.887401 16.046781 4.000000
    endloop
  endfacet
  facet normal -9.738770e-01 2.270763e-01 0.000000e+00
    outer loop
      vertex -67.614808 18.117333 4.000000
      vertex -68.654970 13.656323 4.000000
      vertex -68.654970 13.656323 16.000000
    endloop
  endfacet
  facet normal -9.738770e-01 2.270763e-01 0.000000e+00
    outer loop
      vertex -67.614808 18.117333 4.000000
      vertex -68.654970 13.656323 16.000000
      vertex -67.614808 18.117333 16.000000
    endloop
  endfacet
  facet normal 9.738770e-01 -2.270763e-01 0.000000e+00
    outer loop
      vertex -59.887401 16.046781 4.000000
      vertex -60.808687 12.095600 16.000000
      vertex -60.808687 12.095600 4.000000
    endloop
  endfacet
  facet normal 9.738770e-01 -2.270763e-01 0.000000e+00
    outer loop
      vertex -59.887401 16.046781 4.000000
      vertex -59.887401 16.046781 16.000000
      vertex -60.808687 12.095600 16.000000
    endloop
  endfacet
  facet normal 0.000000e+00 0.000000e+00 1.000000e+00
    outer loop
      vertex -68.654970 13.656323 16.000000
      vertex -69.401140 9.136833 16.000000
      vertex -61.469581 8.092624 16.000000
    endloop
  endfacet
  facet normal 0.000000e+00 0.000000e+00 1.000000e+00
    outer loop
      vertex -68.654970 13.656323 16.000000
      vertex -61.469581 8.092624 16.000000
      vertex -60.808687 12.095600 16.000000
    endloop
  endfacet
  facet normal 0.000000e+00 -0.000000e+00 -1.000000e+00
    outer loop
      vertex -68.654970 13.656323 4.000000
      vertex -61.469581 8.092624 4.000000
      vertex -69.401140 9.136833 4.000000
    endloop
  endfacet
  facet normal 0.000000e+00 0.000000e+00 1.000000e+00
    outer loop
      vertex -68.654970 13.656323 4.000000
      vertex -61.469581 8.092624 4.000000
      vertex -60.808687 12.095600 4.000000
    endloop
  endfacet
  facet normal -9.866433e-01 1.628955e-01 0.000000e+00
    outer loop
      vertex -68.654970 13.656323 4.000000
      vertex -69.401140 9.136833 4.000000
      vertex -69.401140 9.136833 16.000000
    endloop
  endfacet
  facet normal -9.866433e-01 1.628955e-01 0.000000e+00
    outer loop
      vertex -68.654970 13.656323 4.000000
      vertex -69.401140 9.136833 16.000000
      vertex -68.654970 13.656323 16.000000
    endloop
  endfacet
  facet normal 9.866433e-01 -1.628955e-01 0.000000e+00
    outer loop
      vertex -60.808687 12.095600 4.000000
      vertex -61.469581 8.092624 16.000000
      vertex -61.469581 8.092624 4.000000
    endloop
  endfacet
  facet normal 9.866433e-01 -1.628955e-01 0.000000e+00
    outer loop
      vertex -60.808687 12.095600 4.000000
      vertex -60.808687 12.095600 16.000000
      vertex -61.469581 8.092624 16.000000
    endloop
  endfacet
  facet normal 0.000000e+00 0.000000e+00 1.000000e+00
    outer loop
      vertex -69.401140 9.136833 16.000000
      vertex -69.850125 4.578219 16.000000
      vertex -61.867253 4.054994 16.000000
    endloop
  endfacet
  facet normal 0.000000e+00 0.000000e+00 1.000000e+00
    outer loop
      vertex -69.401140 9.136833 16.000000
      vertex -61.867253 4.054994 16.000000
      vertex -61.469581 8.092624 16.000000
    endloop
  endfacet
  facet normal 0.000000e+00 -0.000000e+00 -1.000000e+00
    outer loop
      vertex -69.401140 9.136833 4.000000
      vertex -61.867253 4.054994 4.000000
      vertex -69.850125 4.578219 4.000000
    endloop
  endfacet
  facet normal 0.000000e+00 0.000000e+00 1.000000e+00
    outer loop
      vertex -69.401140 9.136833 4.000000
      vertex -61.867253 4.054994 4.000000
      vertex -61.469581 8.092624 4.000000
    endloop
  endfacet
  facet normal -9.951847e-01 9.801714e-02 0.000000e+00
    outer loop
      vertex -69.401140 9.136833 4.000000
      vertex -69.850125 4.578219 4.000000
      vertex -69.850125 4.578219 16.000000
    endloop
  endfacet
  facet normal -9.951847e-01 9.801714e-02 0.000000e+00
    outer loop
      vertex -69.401140 9.136833 4.000000
      vertex -69.850125 4.578219 16.000000
      vertex -69.401140 9.136833 16.000000
    endloop
  endfacet
  facet normal 9.951847e-01 -9.801714e-02 0.000000e+00
    outer loop
      vertex -61.469581 8.092624 4.000000
      vertex -61.867253 4.054994 16.000000
      vertex -61.867253 4.054994 4.000000
    endloop
  endfacet
  facet normal 9.951847e-01 -9.801714e-02 0.000000e+00
    outer loop
      vertex -61.469581 8.092624 4.000000
      vertex -61.469581 8.092624 16.000000
      vertex -61.867253 4.054994 16.000000
    endloop
  endfacet
  facet normal 0.000000e+00 0.000000e+00 1.000000e+00
    outer loop
      vertex -69.850125 4.578219 16.000000
      vertex -70.000000 0.000000 16.000000
      vertex -62.000000 0.000000 16.000000
    endloop
  endfacet
  facet normal 0.000000e+00 0.000000e+00 1.000000e+00
    outer loop
      vertex -69.850125 4.578219 16.000000
      vertex -62.000000 0.000000 16.000000
      vertex -61.867253 4.054994 16.000000
    endloop
  endfacet
  facet normal 0.000000e+00 -0.000000e+00 -1.000000e+00
    outer loop
      vertex -69.850125 4.578219 4.000000
      vertex -62.000000 0.000000 4.000000
      vertex -70.000000 0.000000 4.000000
    endloop
  endfacet
  facet normal 0.000000e+00 0.000000e+00 1.000000e+00
    outer loop
      vertex -69.850125 4.578219 4.000000
      vertex -62.000000 0.000000 4.000000
      vertex -61.867253 4.054994 4.000000
    endloop
  endfacet
  facet normal -9.994646e-01 3.271908e-02 0.000000e+00
    outer loop
      vertex -69.850125 4.578219 4.000000
      vertex -70.000000 0.000000 4.000000
      vertex -70.000000 0.000000 16.000000
    endloop
  endfacet
  facet normal -9.994646e-01 3.271908e-02 0.000000e+00
    outer loop
      vertex -69.850125 4.578219 4.000000
      vertex -70.000000 0.000000 16.000000
      vertex -69.850125 4.578219 16.000000
    endloop
  endfacet
  facet normal 9.994646e-01 -3.271908e-02 0.000000e+00
    outer loop
      vertex -61.867253 4.054994 4.000000
      vertex -62.000000 0.000000 16.000000
      vertex -62.000000 0.000000 4.000000
    endloop
  endfacet
  facet normal 9.994646e-01 -3.271908e-02 0.000000e+00
    outer loop
      vertex -61.867253 4.054994 4.000000
      vertex -61.867253 4.054994 16.000000
      vertex -62.000000 0.000000 16.000000
    endloop
  endfacet
  facet normal 0.000000e+00 0.000000e+00 1.000000e+00
    outer loop
      vertex -70.000000 0.000000 16.000000
      vertex -69.850125 -4.578219 16.000000
      vertex -61.867253 -4.054994 16.000000
    endloop
  endfacet
  facet normal 0.000000e+00 0.000000e+00 1.000000e+00
    outer loop
      vertex -70.000000 0.000000 16.000000
      vertex -61.867253 -4.054994 16.000000
      vertex -62.000000 0.000000 16.000000
    endloop
  endfacet
  facet normal 0.000000e+00 0.000000e+00 -1.000000e+00
    outer loop
      vertex -70.000000 0.000000 4.000000
      vertex -61.867253 -4.054994 4.000000
      vertex -69.850125 -4.578219 4.000000
    endloop
  endfacet
  facet normal 0.000000e+00 0.000000e+00 1.000000e+00
    outer loop
      vertex -70.000000 0.000000 4.000000
      vertex -61.867253 -4.054994 4.000000
      vertex -62.000000 0.000000 4.000000
    endloop
  endfacet
  facet normal -9.994646e-01 -3.271908e-02 0.000000e+00
    outer loop
      vertex -70.000000 0.000000 4.000000
      vertex -69.850125 -4.578219 4.000000
      vertex -69.850125 -4.578219 16.000000
    endloop
  endfacet
  facet normal -9.994646e-01 -3.271908e-02 0.000000e+00
    outer loop
      vertex -70.000000 0.000000 4.000000
      vertex -69.850125 -4.578219 16.000000
      vertex -70.000000 0.000000 16.000000
    endloop
  endfacet
  facet normal 9.994646e-01 3.271908e-02 0.000000e+00
    outer loop
      vertex -62.000000 0.000000 4.000000
      vertex -61.867253 -4.054994 16.000000
      vertex -61.867253 -4.054994 4.000000
    endloop
  endfacet
  facet normal 9.994646e-01 3.271908e-02 -0.000000e+00
    outer loop
      vertex -62.000000 0.000000 4.000000
      vertex -62.000000 0.000000 16.000000
      vertex -61.867253 -4.054994 16.000000
    endloop
  endfacet
  facet normal 0.000000e+00 0.000000e+00 1.000000e+00
    outer loop
      vertex -69.850125 -4.578219 16.000000
      vertex -69.401140 -9.136833 16.000000
      vertex -61.469581 -8.092624 16.000000
    endloop
  endfacet
  facet normal -0.000000e+00 0.000000e+00 1.000000e+00
    outer loop
      vertex -69.850125 -4.578219 16.000000
      vertex -61.469581 -8.092624 16.000000
      vertex -61.867253 -4.054994 16.000000
    endloop
  endfacet
  facet normal 0.000000e+00 0.000000e+00 -1.000000e+00
    outer loop
      vertex -69.850125 -4.578219 4.000000
      vertex -61.469581 -8.092624 4.000000
      vertex -69.401140 -9.136833 4.000000
    endloop
  endfacet
  facet normal -0.000000e+00 0.000000e+00 1.000000e+00
    outer loop
      vertex -69.850125 -4.578219 4.000000
      vertex -61.469581 -8.092624 4.000000
      vertex -61.867253 -4.054994 4.000000
    endloop
  endfacet
  facet normal -9.951847e-01 -9.801714e-02 0.000000e+00
    outer loop
      vertex -69.850125 -4.578219 4.000000
      vertex -69.401140 -9.136833 4.000000
      vertex -69.401140 -9.136833 16.000000
    endloop
  endfacet
  facet normal -9.951847e-01 -9.801714e-02 0.000000e+00
    outer loop
      vertex -69.850125 -4.578219 4.000000
      vertex -69.401140 -9.136833 16.000000
      vertex -69.850125 -4.578219 16.000000
    endloop
  endfacet
  facet normal 9.951847e-01 9.801714e-02 0.000000e+00
    outer loop
      vertex -61.867253 -4.054994 4.000000
      vertex -61.469581 -8.092624 16.000000
      vertex -61.469581 -8.092624 4.000000
    endloop
  endfacet
  facet normal 9.951847e-01 9.801714e-02 -0.000000e+00
    outer loop
      vertex -61.867253 -4.054994 4.000000
      vertex -61.867253 -4.054994 16.000000
      vertex -61.469581 -8.092624 16.000000
    endloop
  endfacet
  facet normal 0.000000e+00 0.000000e+00 1.000000e+00
    outer loop
      vertex -69.401140 -9.136833 16.000000
      vertex -68.654970 -13.656323 16.000000
      vertex -60.808687 -12.095600 16.000000
    endloop
  endfacet
  facet normal -0.000000e+00 0.000000e+00 1.000000e+00
    outer loop
      vertex -69.401140 -9.136833 16.000000
      vertex -60.808687 -12.095600 16.000000
      vertex -61.469581 -8.092624 16.000000
    endloop
  endfacet
  facet normal 0.000000e+00 0.000000e+00 -1.000000e+00
    outer loop
      vertex -69.401140 -9.136833 4.000000
      vertex -60.808687 -12.095600 4.000000
      vertex -68.654970 -13.656323 4.000000
    endloop
  endfacet
  facet normal -0.000000e+00 0.000000e+00 1.000000e+00
    outer loop
      vertex -69.401140 -9.136833 4.000000
      vertex -60.808687 -12.095600 4.000000
      vertex -61.469581 -8.092624 4.000000
    endloop
  endfacet
  facet normal -9.866433e-01 -1.628955e-01 0.000000e+00
    outer loop
      vertex -69.401140 -9.136833 4.000000
      vertex -68.654970 -13.656323 4.000000
      vertex -68.654970 -13.656323 16.000000
    endloop
  endfacet
  facet normal -9.866433e-01 -1.628955e-01 0.000000e+00
    outer loop
      vertex -69.401140 -9.136833 4.000000
      vertex -68.654970 -13.656323 16.000000
      vertex -69.401140 -9.136833 16.000000
    endloop
  endfacet
  facet normal 9.866433e-01 1.628955e-01 0.000000e+00
    outer loop
      vertex -61.469581 -8.092624 4.000000
      vertex -60.808687 -12.095600 16.000000
      vertex -60.808687 -12.095600 4.000000
    endloop
  endfacet
  facet normal 9.866433e-01 1.628955e-01 -0.000000e+00
    outer loop
      vertex -61.469581 -8.092624 4.000000
      vertex -61.469581 -8.092624 16.000000
      vertex -60.808687 -12.095600 16.000000
    endloop
  endfacet
  facet normal 0.000000e+00 0.000000e+00 1.000000e+00
    outer loop
      vertex -68.654970 -13.656323 16.000000
      vertex -67.614808 -18.117333 16.000000
      vertex -59.887401 -16.046781 16.000000
    endloop
  endfacet
  facet normal -0.000000e+00 0.000000e+00 1.000000e+00
    outer loop
      vertex -68.654970 -13.656323 16.000000
      vertex -59.887401 -16.046781 16.000000
      vertex -60.808687 -12.095600 16.000000
    endloop
  endfacet
  facet normal 0.000000e+00 0.000000e+00 -1.000000e+00
    outer loop
      vertex -68.654970 -13.656323 4.000000
      vertex -59.887401 -16.046781 4.000000
      vertex -67.614808 -18.117333 4.000000
    endloop
  endfacet
  facet normal -0.000000e+00 0.000000e+00 1.000000e+00
    outer loop
      vertex -68.654970 -13.656323 4.000000
      vertex -59.887401 -16.046781 4.000000
      vertex -60.808687 -12.095600 4.000000
    endloop
  endfacet
  facet normal -9.738770e-01 -2.270763e-01 0.000000e+00
    outer loop
      vertex -68.654970 -13.656323 4.000000
      vertex -67.614808 -18.117333 4.000000
      vertex -67.614808 -18.117333 16.000000
    endloop
  endfacet
  facet normal -9.738770e-01 -2.270763e-01 0.000000e+00
    outer loop
      vertex -68.654970 -13.656323 4.000000
      vertex -67.614808 -18.117333 16.000000
      vertex -68.654970 -13.656323 16.000000
    endloop
  endfacet
  facet normal 9.738770e-01 2.270763e-01 0.000000e+00
    outer loop
      vertex -60.808687 -12.095600 4.000000
      vertex -59.887401 -16.046781 16.000000
      vertex -59.887401 -16.046781 4.000000
    endloop
  endfacet
  facet normal 9.738770e-01 2.270763e-01 -0.000000e+00
    outer loop
      vertex -60.808687 -12.095600 4.000000
      vertex -60.808687 -12.095600 16.000000
      vertex -59.887401 -16.046781 16.000000
    endloop
  endfacet
  facet normal 0.000000e+00 0.000000e+00 1.000000e+00
    outer loop
      vertex -67.614808 -18.117333 16.000000
      vertex -66.285109 -22.500763 16.000000
      vertex -58.709668 -19.929247 16.000000
    endloop
  endfacet
  facet normal -0.000000e+00 0.000000e+00 1.000000e+00
    outer loop
      vertex -67.614808 -18.117333 16.000000
      vertex -58.709668 -19.929247 16.000000
      vertex -59.887401 -16.046781 16.000000
    endloop
  endfacet
  facet normal 0.000000e+00 0.000000e+00 -1.000000e+00
    outer loop
      vertex -67.614808 -18.117333 4.000000
      vertex -58.709668 -19.929247 4.000000
      vertex -66.285109 -22.500763 4.000000
    endloop
  endfacet
  facet normal -0.000000e+00 0.000000e+00 1.000000e+00
    outer loop
      vertex -67.614808 -18.117333 4.000000
      vertex -58.709668 -19.929247 4.000000
      vertex -59.887401 -16.046781 4.000000
    endloop
  endfacet
  facet normal -9.569403e-01 -2.902847e-01 0.000000e+00
    outer loop
      vertex -67.614808 -18.117333 4.000000
      vertex -66.285109 -22.500763 4.000000
      vertex -66.285109 -22.500763 16.000000
    endloop
  endfacet
  facet normal -9.569403e-01 -2.902847e-01 0.000000e+00
    outer loop
      vertex -67.614808 -18.117333 4.000000
      vertex -66.285109 -22.500763 16.000000
      vertex -67.614808 -18.117333 16.000000
    endloop
  endfacet
  facet normal 9.569403e-01 2.902847e-01 0.000000e+00
    outer loop
      vertex -59.887401 -16.046781 4.000000
      vertex -58.709668 -19.929247 16.000000
      vertex -58.709668 -19.929247 4.000000
    endloop
  endfacet
  facet normal 9.569403e-01 2.902847e-01 -0.000000e+00
    outer loop
      vertex -59.887401 -16.046781 4.000000
      vertex -59.887401 -16.046781 16.000000
      vertex -58.709668 -19.929247 16.000000
    endloop
  endfacet
  facet normal 0.000000e+00 0.000000e+00 1.000000e+00
    outer loop
      vertex -66.285109 -22.500763 16.000000
      vertex -64.671567 -26.787840 16.000000
      vertex -57.280531 -23.726373 16.000000
    endloop
  endfacet
  facet normal -0.000000e+00 0.000000e+00 1.000000e+00
    outer loop
      vertex -66.285109 -22.500763 16.000000
      vertex -57.280531 -23.726373 16.000000
      vertex -58.709668 -19.929247 16.000000
    endloop
  endfacet
  facet normal 0.000000e+00 0.000000e+00 -1.000000e+00
    outer loop
      vertex -66.285109 -22.500763 4.000000
      vertex -57.280531 -23.726373 4.000000
      vertex -64.671567 -26.787840 4.000000
    endloop
  endfacet
  facet normal -0.000000e+00 0.000000e+00 1.000000e+00
    outer loop
      vertex -66.285109 -22.500763 4.000000
      vertex -57.280531 -23.726373 4.000000
      vertex -58.709668 -19.929247 4.000000
    endloop
  endfacet
  facet normal -9.359059e-01 -3.522500e-01 0.000000e+00
    outer loop
      vertex -66.285109 -22.500763 4.000000
      vertex -64.671567 -26.787840 4.000000
      vertex -64.671567 -26.787840 16.000000
    endloop
  endfacet
  facet normal -9.359059e-01 -3.522500e-01 0.000000e+00
    outer loop
      vertex -66.285109 -22.500763 4.000000
      vertex -64.671567 -26.787840 16.000000
      vertex -66.285109 -22.500763 16.000000
    endloop
  endfacet
  facet normal 9.359059e-01 3.522500e-01 0.000000e+00
    outer loop
      vertex -58.709668 -19.929247 4.000000
      vertex -57.280531 -23.726373 16.000000
      vertex -57.280531 -23.726373 4.000000
    endloop
  endfacet
  facet normal 9.359059e-01 3.522500e-01 -0.000000e+00
    outer loop
      vertex -58.709668 -19.929247 4.000000
      vertex -58.709668 -19.929247 16.000000
      vertex -57.280531 -23.726373 16.000000
    endloop
  endfacet
  facet normal 0.000000e+00 0.000000e+00 1.000000e+00
    outer loop
      vertex -64.671567 -26.787840 16.000000
      vertex -62.781092 -30.960208 16.000000
      vertex -55.606110 -27.421899 16.000000
    endloop
  endfacet
  facet normal -0.000000e+00 0.000000e+00 1.000000e+00
    outer loop
      vertex -64.671567 -26.787840 16.000000
      vertex -55.606110 -27.421899 16.000000
      vertex -57.280531 -23.726373 16.000000
    endloop
  endfacet
  facet normal 0.000000e+00 0.000000e+00 -1.000000e+00
    outer loop
      vertex -64.671567 -26.787840 4.000000
      vertex -55.606110 -27.421899 4.000000
      vertex -62.781092 -30.960208 4.000000
    endloop
  endfacet
  facet normal -0.000000e+00 0.000000e+00 1.000000e+00
    outer loop
      vertex -64.671567 -26.787840 4.000000
      vertex -55.606110 -27.421899 4.000000
      vertex -57.280531 -23.726373 4.000000
    endloop
  endfacet
  facet normal -9.108638e-01 -4.127070e-01 0.000000e+00
    outer loop
      vertex -64.671567 -26.787840 4.000000
      vertex -62.781092 -30.960208 4.000000
      vertex -62.781092 -30.960208 16.000000
    endloop
  endfacet
  facet normal -9.108638e-01 -4.127070e-01 0.000000e+00
    outer loop
      vertex -64.671567 -26.787840 4.000000
      vertex -62.781092 -30.960208 16.000000
      vertex -64.671567 -26.787840 16.000000
    endloop
  endfacet
  facet normal 9.108638e-01 4.127070e-01 0.000000e+00
    outer loop
      vertex -57.280531 -23.726373 4.000000
      vertex -55.606110 -27.421899 16.000000
      vertex -55.606110 -27.421899 4.000000
    endloop
  endfacet
  facet normal 9.108638e-01 4.127070e-01 -0.000000e+00
    outer loop
      vertex -57.280531 -23.726373 4.000000
      vertex -57.280531 -23.726373 16.000000
      vertex -55.606110 -27.421899 16.000000
    endloop
  endfacet
  facet normal 0.000000e+00 0.000000e+00 1.000000e+00
    outer loop
      vertex -62.781092 -30.960208 16.000000
      vertex -60.621778 -35.000000 16.000000
      vertex -53.693575 -31.000000 16.000000
    endloop
  endfacet
  facet normal -0.000000e+00 0.000000e+00 1.000000e+00
    outer loop
      vertex -62.781092 -30.960208 16.000000
      vertex -53.693575 -31.000000 16.000000
      vertex -55.606110 -27.421899 16.000000
    endloop
  endfacet
  facet normal 0.000000e+00 0.000000e+00 -1.000000e+00
    outer loop
      vertex -62.781092 -30.960208 4.000000
      vertex -53.693575 -31.000000 4.000000
      vertex -60.621778 -35.000000 4.000000
    endloop
  endfacet
  facet normal -0.000000e+00 0.000000e+00 1.000000e+00
    outer loop
      vertex -62.781092 -30.960208 4.000000
      vertex -53.693575 -31.000000 4.000000
      vertex -55.606110 -27.421899 4.000000
    endloop
  endfacet
  facet normal -8.819213e-01 -4.713967e-01 0.000000e+00
    outer loop
      vertex -62.781092 -30.960208 4.000000
      vertex -60.621778 -35.000000 4.000000
      vertex -60.621778 -35.000000 16.000000
    endloop
  endfacet
  facet normal -8.819213e-01 -4.713967e-01 0.000000e+00
    outer loop
      vertex -62.781092 -30.960208 4.000000
      vertex -60.621778 -35.000000 16.000000
      vertex -62.781092 -30.960208 16.000000
    endloop
  endfacet
  facet normal 8.819213e-01 4.713967e-01 0.000000e+00
    outer loop
      vertex -55.606110 -27.421899 4.000000
      vertex -53.693575 -31.000000 16.000000
      vertex -53.693575 -31.000000 4.000000
    endloop
  endfacet
  facet normal 8.819213e-01 4.713967e-01 -0.000000e+00
    outer loop
      vertex -55.606110 -27.421899 4.000000
      vertex -55.606110 -27.421899 16.000000
      vertex -53.693575 -31.000000 16.000000
    endloop
  endfacet
  facet normal -0.000000e+00 0.000000e+00 1.000000e+00
    outer loop
      vertex -60.621778 -35.000000 16.000000
      vertex -58.202873 -38.889916 16.000000
      vertex -51.551116 -34.445354 16.000000
    endloop
  endfacet
  facet normal 0.000000e+00 0.000000e+00 1.000000e+00
    outer loop
      vertex -60.621778 -35.000000 16.000000
      vertex -51.551116 -34.445354 16.000000
      vertex -53.693575 -31.000000 16.000000
    endloop
  endfacet
  facet normal 0.000000e+00 0.000000e+00 -1.000000e+00
    outer loop
      vertex -60.621778 -35.000000 4.000000
      vertex -51.551116 -34.445354 4.000000
      vertex -58.202873 -38.889916 4.000000
    endloop
  endfacet
  facet normal 0.000000e+00 0.000000e+00 1.000000e+00
    outer loop
      vertex -60.621778 -35.000000 4.000000
      vertex -51.551116 -34.445354 4.000000
      vertex -53.693575 -31.000000 4.000000
    endloop
  endfacet
  facet normal -8.492022e-01 -5.280679e-01 0.000000e+00
    outer loop
      vertex -60.621778 -35.000000 4.000000
      vertex -58.202873 -38.889916 4.000000
      vertex -58.202873 -38.889916 16.000000
    endloop
  endfacet
  facet normal -8.492022e-01 -5.280679e-01 0.000000e+00
    outer loop
      vertex -60.621778 -35.000000 4.000000
      vertex -58.202873 -38.889916 16.000000
      vertex -60.621778 -35.000000 16.000000
    endloop
  endfacet
  facet normal 8.492022e-01 5.280679e-01 0.000000e+00
    outer loop
      vertex -53.693575 -31.000000 4.000000
      vertex -51.551116 -34.445354 16.000000
      vertex -51.551116 -34.445354 4.000000
    endloop
  endfacet
  facet normal 8.492022e-01 5.280679e-01 -0.000000e+00
    outer loop
      vertex -53.693575 -31.000000 4.000000
      vertex -53.693575 -31.000000 16.000000
      vertex -51.551116 -34.445354 16.000000
    endloop
  endfacet
  facet normal -0.000000e+00 0.000000e+00 1.000000e+00
    outer loop
      vertex -58.202873 -38.889916 16.000000
      vertex -55.534734 -42.613300 16.000000
      vertex -49.187907 -37.743209 16.000000
    endloop
  endfacet
  facet normal 0.000000e+00 0.000000e+00 1.000000e+00
    outer loop
      vertex -58.202873 -38.889916 16.000000
      vertex -49.187907 -37.743209 16.000000
      vertex -51.551116 -34.445354 16.000000
    endloop
  endfacet
  facet normal 0.000000e+00 0.000000e+00 -1.000000e+00
    outer loop
      vertex -58.202873 -38.889916 4.000000
      vertex -49.187907 -37.743209 4.000000
      vertex -55.534734 -42.613300 4.000000
    endloop
  endfacet
  facet normal 0.000000e+00 0.000000e+00 1.000000e+00
    outer loop
      vertex -58.202873 -38.889916 4.000000
      vertex -49.187907 -37.743209 4.000000
      vertex -51.551116 -34.445354 4.000000
    endloop
  endfacet
  facet normal -8.128467e-01 -5.824777e-01 0.000000e+00
    outer loop
      vertex -58.202873 -38.889916 4.000000
      vertex -55.534734 -42.613300 4.000000
      vertex -55.534734 -42.613300 16.000000
    endloop
  endfacet
  facet normal -8.128467e-01 -5.824777e-01 0.000000e+00
    outer loop
      vertex -58.202873 -38.889916 4.000000
      vertex -55.534734 -42.613300 16.000000
      vertex -58.202873 -38.889916 16.000000
    endloop
  endfacet
  facet normal 8.128467e-01 5.824777e-01 0.000000e+00
    outer loop
      vertex -51.551116 -34.445354 4.000000
      vertex -49.187907 -37.743209 16.000000
      vertex -49.187907 -37.743209 4.000000
    endloop
  endfacet
  facet normal 8.128467e-01 5.824777e-01 -0.000000e+00
    outer loop
      vertex -51.551116 -34.445354 4.000000
      vertex -51.551116 -34.445354 16.000000
      vertex -49.187907 -37.743209 16.000000
    endloop
  endfacet
  facet normal -0.000000e+00 0.000000e+00 1.000000e+00
    outer loop
      vertex -55.534734 -42.613300 16.000000
      vertex -52.628787 -46.154207 16.000000
      vertex -46.614068 -40.879441 16.000000
    endloop
  endfacet
  facet normal 0.000000e+00 0.000000e+00 1.000000e+00
    outer loop
      vertex -55.534734 -42.613300 16.000000
      vertex -46.614068 -40.879441 16.000000
      vertex -49.187907 -37.743209 16.000000
    endloop
  endfacet
  facet normal 0.000000e+00 0.000000e+00 -1.000000e+00
    outer loop
      vertex -55.534734 -42.613300 4.000000
      vertex -46.614068 -40.879441 4.000000
      vertex -52.628787 -46.154207 4.000000
    endloop
  endfacet
  facet normal 0.000000e+00 0.000000e+00 1.000000e+00
    outer loop
      vertex -55.534734 -42.613300 4.000000
      vertex -46.614068 -40.879441 4.000000
      vertex -49.187907 -37.743209 4.000000
    endloop
  endfacet
  facet normal -7.730105e-01 -6.343933e-01 0.000000e+00
    outer loop
      vertex -55.534734 -42.613300 4.000000
      vertex -52.628787 -46.154207 4.000000
      vertex -52.628787 -46.154207 16.000000
    endloop
  endfacet
  facet normal -7.730105e-01 -6.343933e-01 0.000000e+00
    outer loop
      vertex -55.534734 -42.613300 4.000000
      vertex -52.628787 -46.154207 16.000000
      vertex -55.534734 -42.613300 16.000000
    endloop
  endfacet
  facet normal 7.730105e-01 6.343933e-01 0.000000e+00
    outer loop
      vertex -49.187907 -37.743209 4.000000
      vertex -46.614068 -40.879441 16.000000
      vertex -46.614068 -40.879441 4.000000
    endloop
  endfacet
  facet normal 7.730105e-01 6.343933e-01 -0.000000e+00
    outer loop
      vertex -49.187907 -37.743209 4.000000
      vertex -49.187907 -37.743209 16.000000
      vertex -46.614068 -40.879441 16.000000
    endloop
  endfacet
  facet normal -0.000000e+00 0.000000e+00 1.000000e+00
    outer loop
      vertex -52.628787 -46.154207 16.000000
      vertex -49.497475 -49.497475 16.000000
      vertex -43.840620 -43.840620 16.000000
    endloop
  endfacet
  facet normal 0.000000e+00 0.000000e+00 1.000000e+00
    outer loop
      vertex -52.628787 -46.154207 16.000000
      vertex -43.840620 -43.840620 16.000000
      vertex -46.614068 -40.879441 16.000000
    endloop
  endfacet
  facet normal 0.000000e+00 0.000000e+00 -1.000000e+00
    outer loop
      vertex -52.628787 -46.154207 4.000000
      vertex -43.840620 -43.840620 4.000000
      vertex -49.497475 -49.497475 4.000000
    endloop
  endfacet
  facet normal 0.000000e+00 0.000000e+00 1.000000e+00
    outer loop
      vertex -52.628787 -46.154207 4.000000
      vertex -43.840620 -43.840620 4.000000
      vertex -46.614068 -40.879441 4.000000
    endloop
  endfacet
  facet normal -7.298641e-01 -6.835923e-01 0.000000e+00
    outer loop
      vertex -52.628787 -46.154207 4.000000
      vertex -49.497475 -49.497475 4.000000
      vertex -49.497475 -49.497475 16.000000
    endloop
  endfacet
  facet normal -7.298641e-01 -6.835923e-01 0.000000e+00
    outer loop
      vertex -52.628787 -46.154207 4.000000
      vertex -49.497475 -49.497475 16.000000
      vertex -52.628787 -46.154207 16.000000
    endloop
  endfacet
  facet normal 7.298641e-01 6.835923e-01 0.000000e+00
    outer loop
      vertex -46.614068 -40.879441 4.000000
      vertex -43.840620 -43.840620 16.000000
      vertex -43.840620 -43.840620 4.000000
    endloop
  endfacet
  facet normal 7.298641e-01 6.835923e-01 -0.000000e+00
    outer loop
      vertex -46.614068 -40.879441 4.000000
      vertex -46.614068 -40.879441 16.000000
      vertex -43.840620 -43.840620 16.000000
    endloop
  endfacet
  facet normal -0.000000e+00 0.000000e+00 1.000000e+00
    outer loop
      vertex -49.497475 -49.497475 16.000000
      vertex -46.154207 -52.628787 16.000000
      vertex -40.879441 -46.614068 16.000000
    endloop
  endfacet
  facet normal 0.000000e+00 0.000000e+00 1.000000e+00
    outer loop
      vertex -49.497475 -49.497475 16.000000
      vertex -40.879441 -46.614068 16.000000
      vertex -43.840620 -43.840620 16.000000
    endloop
  endfacet
  facet normal 0.000000e+00 0.000000e+00 -1.000000e+00
    outer loop
      vertex -49.497475 -49.497475 4.000000
      vertex -40.879441 -46.614068 4.000000
      vertex -46.154207 -52.628787 4.000000
    endloop
  endfacet
  facet normal 0.000000e+00 0.000000e+00 1.000000e+00
    outer loop
      vertex -49.497475 -49.497475 4.000000
      vertex -40.879441 -46.614068 4.000000
      vertex -43.840620 -43.840620 4.000000
    endloop
  endfacet
  facet normal -6.835923e-01 -7.298641e-01 0.000000e+00
    outer loop
      vertex -49.497475 -49.497475 4.000000
      vertex -46.154207 -52.628787 4.000000
      vertex -46.154207 -52.628787 16.000000
    endloop
  endfacet
  facet normal -6.835923e-01 -7.298641e-01 0.000000e+00
    outer loop
      vertex -49.497475 -49.497475 4.000000
      vertex -46.154207 -52.628787 16.000000
      vertex -49.497475 -49.497475 16.000000
    endloop
  endfacet
  facet normal 6.835923e-01 7.298641e-01 0.000000e+00
    outer loop
      vertex -43.840620 -43.840620 4.000000
      vertex -40.879441 -46.614068 16.000000
      vertex -40.879441 -46.614068 4.000000
    endloop
  endfacet
  facet normal 6.835923e-01 7.298641e-01 -0.000000e+00
    outer loop
      vertex -43.840620 -43.840620 4.000000
      vertex -43.840620 -43.840620 16.000000
      vertex -40.879441 -46.614068 16.000000
    endloop
  endfacet
  facet normal -0.000000e+00 0.000000e+00 1.000000e+00
    outer loop
      vertex -46.154207 -52.628787 16.000000
      vertex -42.613300 -55.534734 16.000000
      vertex -37.743209 -49.187907 16.000000
    endloop
  endfacet
  facet normal 0.000000e+00 0.000000e+00 1.000000e+00
    outer loop
      vertex -46.154207 -52.628787 16.000000
      vertex -37.743209 -49.187907 16.000000
      vertex -40.879441 -46.614068 16.000000
    endloop
  endfacet
  facet normal 0.000000e+00 0.000000e+00 -1.000000e+00
    outer loop
      vertex -46.154207 -52.628787 4.000000
      vertex -37.743209 -49.187907 4.000000
      vertex -42.613300 -55.534734 4.000000
    endloop
  endfacet
  facet normal 0.000000e+00 0.000000e+00 1.000000e+00
    outer loop
      vertex -46.154207 -52.628787 4.000000
      vertex -37.743209 -49.187907 4.000000
      vertex -40.879441 -46.614068 4.000000
    endloop
  endfacet
  facet normal -6.343933e-01 -7.730105e-01 0.000000e+00
    outer loop
      vertex -46.154207 -52.628787 4.000000
      vertex -42.613300 -55.534734 4.000000
      vertex -42.613300 -55.534734 16.000000
    endloop
  endfacet
  facet normal -6.343933e-01 -7.730105e-01 0.000000e+00
    outer loop
      vertex -46.154207 -52.628787 4.000000
      vertex -42.613300 -55.534734 16.000000
      vertex -46.154207 -52.628787 16.000000
    endloop
  endfacet
  facet normal 6.343933e-01 7.730105e-01 0.000000e+00
    outer loop
      vertex -40.879441 -46.614068 4.000000
      vertex -37.743209 -49.187907 16.000000
      vertex -37.743209 -49.187907 4.000000
    endloop
  endfacet
  facet normal 6.343933e-01 7.730105e-01 -0.000000e+00
    outer loop
      vertex -40.879441 -46.614068 4.000000
      vertex -40.879441 -46.614068 16.000000
      vertex -37.743209 -49.187907 16.000000
    endloop
  endfacet
  facet normal -0.000000e+00 0.000000e+00 1.000000e+00
    outer loop
      vertex -42.613300 -55.534734 16.000000
      vertex -38.889916 -58.202873 16.000000
      vertex -34.445354 -51.551116 16.000000
    endloop
  endfacet
  facet normal 0.000000e+00 0.000000e+00 1.000000e+00
    outer loop
      vertex -42.613300 -55.534734 16.000000
      vertex -34.445354 -51.551116 16.000000
      vertex -37.743209 -49.187907 16.000000
    endloop
  endfacet
  facet normal 0.000000e+00 0.000000e+00 -1.000000e+00
    outer loop
      vertex -42.613300 -55.534734 4.000000
      vertex -34.445354 -51.551116 4.000000
      vertex -38.889916 -58.202873 4.000000
    endloop
  endfacet
  facet normal 0.000000e+00 0.000000e+00 1.000000e+00
    outer loop
      vertex -42.613300 -55.534734 4.000000
      vertex -34.445354 -51.551116 4.000000
      vertex -37.743209 -49.187907 4.000000
    endloop
  endfacet
  facet normal -5.824777e-01 -8.128467e-01 0.000000e+00
    outer loop
      vertex -42.613300 -55.534734 4.000000
      vertex -38.889916 -58.202873 4.000000
      vertex -38.889916 -58.202873 16.000000
    endloop
  endfacet
  facet normal -5.824777e-01 -8.128467e-01 0.000000e+00
    outer loop
      vertex -42.613300 -55.534734 4.000000
      vertex -38.889916 -58.202873 16.000000
      vertex -42.613300 -55.534734 16.000000
    endloop
  endfacet
  facet normal 5.824777e-01 8.128467e-01 0.000000e+00
    outer loop
      vertex -37.743209 -49.187907 4.000000
      vertex -34.445354 -51.551116 16.000000
      vertex -34.445354 -51.551116 4.000000
    endloop
  endfacet
  facet normal 5.824777e-01 8.128467e-01 -0.000000e+00
    outer loop
      vertex -37.743209 -49.187907 4.000000
      vertex -37.743209 -49.187907 16.000000
      vertex -34.445354 -51.551116 16.000000
    endloop
  endfacet
  facet normal -0.000000e+00 0.000000e+00 1.000000e+00
    outer loop
      vertex -38.889916 -58.202873 16.000000
      vertex -35.000000 -60.621778 16.000000
      vertex -31.000000 -53.693575 16.000000
    endloop
  endfacet
  facet normal 0.000000e+00 0.000000e+00 1.000000e+00
    outer loop
      vertex -38.889916 -58.202873 16.000000
      vertex -31.000000 -53.693575 16.000000
      vertex -34.445354 -51.551116 16.000000
    endloop
  endfacet
  facet normal 0.000000e+00 0.000000e+00 -1.000000e+00
    outer loop
      vertex -38.889916 -58.202873 4.000000
      vertex -31.000000 -53.693575 4.000000
      vertex -35.000000 -60.621778 4.000000
    endloop
  endfacet
  facet normal 0.000000e+00 0.000000e+00 1.000000e+00
    outer loop
      vertex -38.889916 -58.202873 4.000000
      vertex -31.000000 -53.693575 4.000000
      vertex -34.445354 -51.551116 4.000000
    endloop
  endfacet
  facet normal -5.280679e-01 -8.492022e-01 0.000000e+00
    outer loop
      vertex -38.889916 -58.202873 4.000000
      vertex -35.000000 -60.621778 4.000000
      vertex -35.000000 -60.621778 16.000000
    endloop
  endfacet
  facet normal -5.280679e-01 -8.492022e-01 0.000000e+00
    outer loop
      vertex -38.889916 -58.202873 4.000000
      vertex -35.000000 -60.621778 16.000000
      vertex -38.889916 -58.202873 16.000000
    endloop
  endfacet
  facet normal 5.280679e-01 8.492022e-01 0.000000e+00
    outer loop
      vertex -34.445354 -51.551116 4.000000
      vertex -31.000000 -53.693575 16.000000
      vertex -31.000000 -53.693575 4.000000
    endloop
  endfacet
  facet normal 5.280679e-01 8.492022e-01 -0.000000e+00
    outer loop
      vertex -34.445354 -51.551116 4.000000
      vertex -34.445354 -51.551116 16.000000
      vertex -31.000000 -53.693575 16.000000
    endloop
  endfacet
  facet normal -0.000000e+00 0.000000e+00 1.000000e+00
    outer loop
      vertex -35.000000 -60.621778 16.000000
      vertex -30.960208 -62.781092 16.000000
      vertex -27.421899 -55.606110 16.000000
    endloop
  endfacet
  facet normal 0.000000e+00 0.000000e+00 1.000000e+00
    outer loop
      vertex -35.000000 -60.621778 16.000000
      vertex -27.421899 -55.606110 16.000000
      vertex -31.000000 -53.693575 16.000000
    endloop
  endfacet
  facet normal 0.000000e+00 0.000000e+00 -1.000000e+00
    outer loop
      vertex -35.000000 -60.621778 4.000000
      vertex -27.421899 -55.606110 4.000000
      vertex -30.960208 -62.781092 4.000000
    endloop
  endfacet
  facet normal 0.000000e+00 0.000000e+00 1.000000e+00
    outer loop
      vertex -35.000000 -60.621778 4.000000
      vertex -27.421899 -55.606110 4.000000
      vertex -31.000000 -53.693575 4.000000
    endloop
  endfacet
  facet normal -4.713967e-01 -8.819213e-01 0.000000e+00
    outer loop
      vertex -35.000000 -60.621778 4.000000
      vertex -30.960208 -62.781092 4.000000
      vertex -30.960208 -62.781092 16.000000
    endloop
  endfacet
  facet normal -4.713967e-01 -8.819213e-01 0.000000e+00
    outer loop
      vertex -35.000000 -60.621778 4.000000
      vertex -30.960208 -62.781092 16.000000
      vertex -35.000000 -60.621778 16.000000
    endloop
  endfacet
  facet normal 4.713967e-01 8.819213e-01 0.000000e+00
    outer loop
      vertex -31.000000 -53.693575 4.000000
      vertex -27.421899 -55.606110 16.000000
      vertex -27.421899 -55.606110 4.000000
    endloop
  endfacet
  facet normal 4.713967e-01 8.819213e-01 -0.000000e+00
    outer loop
      vertex -31.000000 -53.693575 4.000000
      vertex -31.000000 -53.693575 16.000000
      vertex -27.421899 -55.606110 16.000000
    endloop
  endfacet
  facet normal -0.000000e+00 0.000000e+00 1.000000e+00
    outer loop
      vertex -30.960208 -62.781092 16.000000
      vertex -26.787840 -64.671567 16.000000
      vertex -23.726373 -57.280531 16.000000
    endloop
  endfacet
  facet normal 0.000000e+00 0.000000e+00 1.000000e+00
    outer loop
      vertex -30.960208 -62.781092 16.000000
      vertex -23.726373 -57.280531 16.000000
      vertex -27.421899 -55.606110 16.000000
    endloop
  endfacet
  facet normal 0.000000e+00 0.000000e+00 -1.000000e+00
    outer loop
      vertex -30.960208 -62.781092 4.000000
      vertex -23.726373 -57.280531 4.000000
      vertex -26.787840 -64.671567 4.000000
    endloop
  endfacet
  facet normal 0.000000e+00 0.000000e+00 1.000000e+00
    outer loop
      vertex -30.960208 -62.781092 4.000000
      vertex -23.726373 -57.280531 4.000000
      vertex -27.421899 -55.606110 4.000000
    endloop
  endfacet
  facet normal -4.127070e-01 -9.108638e-01 0.000000e+00
    outer loop
      vertex -30.960208 -62.781092 4.000000
      vertex -26.787840 -64.671567 4.000000
      vertex -26.787840 -64.671567 16.000000
    endloop
  endfacet
  facet normal -4.127070e-01 -9.108638e-01 0.000000e+00
    outer loop
      vertex -30.960208 -62.781092 4.000000
      vertex -26.787840 -64.671567 16.000000
      vertex -30.960208 -62.781092 16.000000
    endloop
  endfacet
  facet normal 4.127070e-01 9.108638e-01 0.000000e+00
    outer loop
      vertex -27.421899 -55.606110 4.000000
      vertex -23.726373 -57.280531 16.000000
      vertex -23.726373 -57.280531 4.000000
    endloop
  endfacet
  facet normal 4.127070e-01 9.108638e-01 -0.000000e+00
    outer loop
      vertex -27.421899 -55.606110 4.000000
      vertex -27.421899 -55.606110 16.000000
      vertex -23.726373 -57.280531 16.000000
    endloop
  endfacet
  facet normal -0.000000e+00 0.000000e+00 1.000000e+00
    outer loop
      vertex -26.787840 -64.671567 16.000000
      vertex -22.500763 -66.285109 16.000000
      vertex -19.929247 -58.709668 16.000000
    endloop
  endfacet
  facet normal 0.000000e+00 0.000000e+00 1.000000e+00
    outer loop
      vertex -26.787840 -64.671567 16.000000
      vertex -19.929247 -58.709668 16.000000
      vertex -23.726373 -57.280531 16.000000
    endloop
  endfacet
  facet normal 0.000000e+00 0.000000e+00 -1.000000e+00
    outer loop
      vertex -26.787840 -64.671567 4.000000
      vertex -19.929247 -58.709668 4.000000
      vertex -22.500763 -66.285109 4.000000
    endloop
  endfacet
  facet normal 0.000000e+00 0.000000e+00 1.000000e+00
    outer loop
      vertex -26.787840 -64.671567 4.000000
      vertex -19.929247 -58.709668 4.000000
      vertex -23.726373 -57.280531 4.000000
    endloop
  endfacet
  facet normal -3.522500e-01 -9.359059e-01 0.000000e+00
    outer loop
      vertex -26.787840 -64.671567 4.000000
      vertex -22.500763 -66.285109 4.000000
      vertex -22.500763 -66.285109 16.000000
    endloop
  endfacet
  facet normal -3.522500e-01 -9.359059e-01 0.000000e+00
    outer loop
      vertex -26.787840 -64.671567 4.000000
      vertex -22.500763 -66.285109 16.000000
      vertex -26.787840 -64.671567 16.000000
    endloop
  endfacet
  facet normal 3.522500e-01 9.359059e-01 0.000000e+00
    outer loop
      vertex -23.726373 -57.280531 4.000000
      vertex -19.929247 -58.709668 16.000000
      vertex -19.929247 -58.709668 4.000000
    endloop
  endfacet
  facet normal 3.522500e-01 9.359059e-01 -0.000000e+00
    outer loop
      vertex -23.726373 -57.280531 4.000000
      vertex -23.726373 -57.280531 16.000000
      vertex -19.929247 -58.709668 16.000000
    endloop
  endfacet
  facet normal -0.000000e+00 0.000000e+00 1.000000e+00
    outer loop
      vertex -22.500763 -66.285109 16.000000
      vertex -18.117333 -67.614808 16.000000
      vertex -16.046781 -59.887401 16.000000
    endloop
  endfacet
  facet normal 0.000000e+00 0.000000e+00 1.000000e+00
    outer loop
      vertex -22.500763 -66.285109 16.000000
      vertex -16.046781 -59.887401 16.000000
      vertex -19.929247 -58.709668 16.000000
    endloop
  endfacet
  facet normal 0.000000e+00 0.000000e+00 -1.000000e+00
    outer loop
      vertex -22.500763 -66.285109 4.000000
      vertex -16.046781 -59.887401 4.000000
      vertex -18.117333 -67.614808 4.000000
    endloop
  endfacet
  facet normal 0.000000e+00 0.000000e+00 1.000000e+00
    outer loop
      vertex -22.500763 -66.285109 4.000000
      vertex -16.046781 -59.887401 4.000000
      vertex -19.929247 -58.709668 4.000000
    endloop
  endfacet
  facet normal -2.902847e-01 -9.569403e-01 0.000000e+00
    outer loop
      vertex -22.500763 -66.285109 4.000000
      vertex -18.117333 -67.614808 4.000000
      vertex -18.117333 -67.614808 16.000000
    endloop
  endfacet
  facet normal -2.902847e-01 -9.569403e-01 0.000000e+00
    outer loop
      vertex -22.500763 -66.285109 4.000000
      vertex -18.117333 -67.614808 16.000000
      vertex -22.500763 -66.285109 16.000000
    endloop
  endfacet
  facet normal 2.902847e-01 9.569403e-01 0.000000e+00
    outer loop
      vertex -19.929247 -58.709668 4.000000
      vertex -16.046781 -59.887401 16.000000
      vertex -16.046781 -59.887401 4.000000
    endloop
  endfacet
  facet normal 2.902847e-01 9.569403e-01 -0.000000e+00
    outer loop
      vertex -19.929247 -58.709668 4.000000
      vertex -19.929247 -58.709668 16.000000
      vertex -16.046781 -59.887401 16.000000
    endloop
  endfacet
  facet normal -0.000000e+00 0.000000e+00 1.000000e+00
    outer loop
      vertex -18.117333 -67.614808 16.000000
      vertex -13.656323 -68.654970 16.000000
      vertex -12.095600 -60.808687 16.000000
    endloop
  endfacet
  facet normal 0.000000e+00 0.000000e+00 1.000000e+00
    outer loop
      vertex -18.117333 -67.614808 16.000000
      vertex -12.095600 -60.808687 16.000000
      vertex -16.046781 -59.887401 16.000000
    endloop
  endfacet
  facet normal 0.000000e+00 0.000000e+00 -1.000000e+00
    outer loop
      vertex -18.117333 -67.614808 4.000000
      vertex -12.095600 -60.808687 4.000000
      vertex -13.656323 -68.654970 4.000000
    endloop
  endfacet
  facet normal 0.000000e+00 0.000000e+00 1.000000e+00
    outer loop
      vertex -18.117333 -67.614808 4.000000
      vertex -12.095600 -60.808687 4.000000
      vertex -16.046781 -59.887401 4.000000
    endloop
  endfacet
  facet normal -2.270763e-01 -9.738770e-01 0.000000e+00
    outer loop
      vertex -18.117333 -67.614808 4.000000
      vertex -13.656323 -68.654970 4.000000
      vertex -13.656323 -68.654970 16.000000
    endloop
  endfacet
  facet normal -2.270763e-01 -9.738770e-01 0.000000e+00
    outer loop
      vertex -18.117333 -67.614808 4.000000
      vertex -13.656323 -68.654970 16.000000
      vertex -18.117333 -67.614808 16.000000
    endloop
  endfacet
  facet normal 2.270763e-01 9.738770e-01 0.000000e+00
    outer loop
      vertex -16.046781 -59.887401 4.000000
      vertex -12.095600 -60.808687 16.000000
      vertex -12.095600 -60.808687 4.000000
    endloop
  endfacet
  facet normal 2.270763e-01 9.738770e-01 -0.000000e+00
    outer loop
      vertex -16.046781 -59.887401 4.000000
      vertex -16.046781 -59.887401 16.000000
      vertex -12.095600 -60.808687 16.000000
    endloop
  endfacet
  facet normal -0.000000e+00 0.000000e+00 1.000000e+00
    outer loop
      vertex -13.656323 -68.654970 16.000000
      vertex -9.136833 -69.401140 16.000000
      vertex -8.092624 -61.469581 16.000000
    endloop
  endfacet
  facet normal 0.000000e+00 0.000000e+00 1.000000e+00
    outer loop
      vertex -13.656323 -68.654970 16.000000
      vertex -8.092624 -61.469581 16.000000
      vertex -12.095600 -60.808687 16.000000
    endloop
  endfacet
  facet normal 0.000000e+00 0.000000e+00 -1.000000e+00
    outer loop
      vertex -13.656323 -68.654970 4.000000
      vertex -8.092624 -61.469581 4.000000
      vertex -9.136833 -69.401140 4.000000
    endloop
  endfacet
  facet normal 0.000000e+00 0.000000e+00 1.000000e+00
    outer loop
      vertex -13.656323 -68.654970 4.000000
      vertex -8.092624 -61.469581 4.000000
      vertex -12.095600 -60.808687 4.000000
    endloop
  endfacet
  facet normal -1.628955e-01 -9.866433e-01 0.000000e+00
    outer loop
      vertex -13.656323 -68.654970 4.000000
      vertex -9.136833 -69.401140 4.000000
      vertex -9.136833 -69.401140 16.000000
    endloop
  endfacet
  facet normal -1.628955e-01 -9.866433e-01 0.000000e+00
    outer loop
      vertex -13.656323 -68.654970 4.000000
      vertex -9.136833 -69.401140 16.000000
      vertex -13.656323 -68.654970 16.000000
    endloop
  endfacet
  facet normal 1.628955e-01 9.866433e-01 0.000000e+00
    outer loop
      vertex -12.095600 -60.808687 4.000000
      vertex -8.092624 -61.469581 16.000000
      vertex -8.092624 -61.469581 4.000000
    endloop
  endfacet
  facet normal 1.628955e-01 9.866433e-01 -0.000000e+00
    outer loop
      vertex -12.095600 -60.808687 4.000000
      vertex -12.095600 -60.808687 16.000000
      vertex -8.092624 -61.469581 16.000000
    endloop
  endfacet
  facet normal -0.000000e+00 0.000000e+00 1.000000e+00
    outer loop
      vertex -9.136833 -69.401140 16.000000
      vertex -4.578219 -69.850125 16.000000
      vertex -4.054994 -61.867253 16.000000
    endloop
  endfacet
  facet normal 0.000000e+00 0.000000e+00 1.000000e+00
    outer loop
      vertex -9.136833 -69.401140 16.000000
      vertex -4.054994 -61.867253 16.000000
      vertex -8.092624 -61.469581 16.000000
    endloop
  endfacet
  facet normal 0.000000e+00 0.000000e+00 -1.000000e+00
    outer loop
      vertex -9.136833 -69.401140 4.000000
      vertex -4.054994 -61.867253 4.000000
      vertex -4.578219 -69.850125 4.000000
    endloop
  endfacet
  facet normal 0.000000e+00 0.000000e+00 1.000000e+00
    outer loop
      vertex -9.136833 -69.401140 4.000000
      vertex -4.054994 -61.867253 4.000000
      vertex -8.092624 -61.469581 4.000000
    endloop
  endfacet
  facet normal -9.801714e-02 -9.951847e-01 0.000000e+00
    outer loop
      vertex -9.136833 -69.401140 4.000000
      vertex -4.578219 -69.850125 4.000000
      vertex -4.578219 -69.850125 16.000000
    endloop
  endfacet
  facet normal -9.801714e-02 -9.951847e-01 0.000000e+00
    outer loop
      vertex -9.136833 -69.401140 4.000000
      vertex -4.578219 -69.850125 16.000000
      vertex -9.136833 -69.401140 16.000000
    endloop
  endfacet
  facet normal 9.801714e-02 9.951847e-01 0.000000e+00
    outer loop
      vertex -8.092624 -61.469581 4.000000
      vertex -4.054994 -61.867253 16.000000
      vertex -4.054994 -61.867253 4.000000
    endloop
  endfacet
  facet normal 9.801714e-02 9.951847e-01 -0.000000e+00
    outer loop
      vertex -8.092624 -61.469581 4.000000
      vertex -8.092624 -61.469581 16.000000
      vertex -4.054994 -61.867253 16.000000
    endloop
  endfacet
  facet normal -0.000000e+00 0.000000e+00 1.000000e+00
    outer loop
      vertex -4.578219 -69.850125 16.000000
      vertex -0.000000 -70.000000 16.000000
      vertex -0.000000 -62.000000 16.000000
    endloop
  endfacet
  facet normal 0.000000e+00 0.000000e+00 1.000000e+00
    outer loop
      vertex -4.578219 -69.850125 16.000000
      vertex -0.000000 -62.000000 16.000000
      vertex -4.054994 -61.867253 16.000000
    endloop
  endfacet
  facet normal 0.000000e+00 0.000000e+00 -1.000000e+00
    outer loop
      vertex -4.578219 -69.850125 4.000000
      vertex -0.000000 -62.000000 4.000000
      vertex -0.000000 -70.000000 4.000000
    endloop
  endfacet
  facet normal 0.000000e+00 0.000000e+00 1.000000e+00
    outer loop
      vertex -4.578219 -69.850125 4.000000
      vertex -0.000000 -62.000000 4.000000
      vertex -4.054994 -61.867253 4.000000
    endloop
  endfacet
  facet normal -3.271908e-02 -9.994646e-01 0.000000e+00
    outer loop
      vertex -4.578219 -69.850125 4.000000
      vertex -0.000000 -70.000000 4.000000
      vertex -0.000000 -70.000000 16.000000
    endloop
  endfacet
  facet normal -3.271908e-02 -9.994646e-01 0.000000e+00
    outer loop
      vertex -4.578219 -69.850125 4.000000
      vertex -0.000000 -70.000000 16.000000
      vertex -4.578219 -69.850125 16.000000
    endloop
  endfacet
  facet normal 3.271908e-02 9.994646e-01 0.000000e+00
    outer loop
      vertex -4.054994 -61.867253 4.000000
      vertex -0.000000 -62.000000 16.000000
      vertex -0.000000 -62.000000 4.000000
    endloop
  endfacet
  facet normal 3.271908e-02 9.994646e-01 -0.000000e+00
    outer loop
      vertex -4.054994 -61.867253 4.000000
      vertex -4.054994 -61.867253 16.000000
      vertex -0.000000 -62.000000 16.000000
    endloop
  endfacet
  facet normal 0.000000e+00 0.000000e+00 1.000000e+00
    outer loop
      vertex -0.000000 -70.000000 16.000000
      vertex 4.578219 -69.850125 16.000000
      vertex 4.054994 -61.867253 16.000000
    endloop
  endfacet
  facet normal 0.000000e+00 0.000000e+00 1.000000e+00
    outer loop
      vertex -0.000000 -70.000000 16.000000
      vertex 4.054994 -61.867253 16.000000
      vertex -0.000000 -62.000000 16.000000
    endloop
  endfacet
  facet normal 0.000000e+00 0.000000e+00 -1.000000e+00
    outer loop
      vertex -0.000000 -70.000000 4.000000
      vertex 4.054994 -61.867253 4.000000
      vertex 4.578219 -69.850125 4.000000
    endloop
  endfacet
  facet normal 0.000000e+00 0.000000e+00 1.000000e+00
    outer loop
      vertex -0.000000 -70.000000 4.000000
      vertex 4.054994 -61.867253 4.000000
      vertex -0.000000 -62.000000 4.000000
    endloop
  endfacet
  facet normal 3.271908e-02 -9.994646e-01 0.000000e+00
    outer loop
      vertex -0.000000 -70.000000 4.000000
      vertex 4.578219 -69.850125 4.000000
      vertex 4.578219 -69.850125 16.000000
    endloop
  endfacet
  facet normal 3.271908e-02 -9.994646e-01 0.000000e+00
    outer loop
      vertex -0.000000 -70.000000 4.000000
      vertex 4.578219 -69.850125 16.000000
      vertex -0.000000 -70.000000 16.000000
    endloop
  endfacet
  facet normal -3.271908e-02 9.994646e-01 0.000000e+00
    outer loop
      vertex -0.000000 -62.000000 4.000000
      vertex 4.054994 -61.867253 16.000000
      vertex 4.054994 -61.867253 4.000000
    endloop
  endfacet
  facet normal -3.271908e-02 9.994646e-01 0.000000e+00
    outer loop
      vertex -0.000000 -62.000000 4.000000
      vertex -0.000000 -62.000000 16.000000
      vertex 4.054994 -61.867253 16.000000
    endloop
  endfacet
  facet normal 0.000000e+00 0.000000e+00 1.000000e+00
    outer loop
      vertex 4.578219 -69.850125 16.000000
      vertex 9.136833 -69.401140 16.000000
      vertex 8.092624 -61.469581 16.000000
    endloop
  endfacet
  facet normal 0.000000e+00 -0.000000e+00 1.000000e+00
    outer loop
      vertex 4.578219 -69.850125 16.000000
      vertex 8.092624 -61.469581 16.000000
      vertex 4.054994 -61.867253 16.000000
    endloop
  endfacet
  facet normal 0.000000e+00 0.000000e+00 -1.000000e+00
    outer loop
      vertex 4.578219 -69.850125 4.000000
      vertex 8.092624 -61.469581 4.000000
      vertex 9.136833 -69.401140 4.000000
    endloop
  endfacet
  facet normal 0.000000e+00 -0.000000e+00 1.000000e+00
    outer loop
      vertex 4.578219 -69.850125 4.000000
      vertex 8.092624 -61.469581 4.000000
      vertex 4.054994 -61.867253 4.000000
    endloop
  endfacet
  facet normal 9.801714e-02 -9.951847e-01 0.000000e+00
    outer loop
      vertex 4.578219 -69.850125 4.000000
      vertex 9.136833 -69.401140 4.000000
      vertex 9.136833 -69.401140 16.000000
    endloop
  endfacet
  facet normal 9.801714e-02 -9.951847e-01 0.000000e+00
    outer loop
      vertex 4.578219 -69.850125 4.000000
      vertex 9.136833 -69.401140 16.000000
      vertex 4.578219 -69.850125 16.000000
    endloop
  endfacet
  facet normal -9.801714e-02 9.951847e-01 0.000000e+00
    outer loop
      vertex 4.054994 -61.867253 4.000000
      vertex 8.092624 -61.469581 16.000000
      vertex 8.092624 -61.469581 4.000000
    endloop
  endfacet
  facet normal -9.801714e-02 9.951847e-01 0.000000e+00
    outer loop
      vertex 4.054994 -61.867253 4.000000
      vertex 4.054994 -61.867253 16.000000
      vertex 8.092624 -61.469581 16.000000
    endloop
  endfacet
  facet normal 0.000000e+00 0.000000e+00 1.000000e+00
    outer loop
      vertex 9.136833 -69.401140 16.000000
      vertex 13.656323 -68.654970 16.000000
      vertex 12.095600 -60.808687 16.000000
    endloop
  endfacet
  facet normal 0.000000e+00 -0.000000e+00 1.000000e+00
    outer loop
      vertex 9.136833 -69.401140 16.000000
      vertex 12.095600 -60.808687 16.000000
      vertex 8.092624 -61.469581 16.000000
    endloop
  endfacet
  facet normal 0.000000e+00 0.000000e+00 -1.000000e+00
    outer loop
      vertex 9.136833 -69.401140 4.000000
      vertex 12.095600 -60.808687 4.000000
      vertex 13.656323 -68.654970 4.000000
    endloop
  endfacet
  facet normal 0.000000e+00 -0.000000e+00 1.000000e+00
    outer loop
      vertex 9.136833 -69.401140 4.000000
      vertex 12.095600 -60.808687 4.000000
      vertex 8.092624 -61.469581 4.000000
    endloop
  endfacet
  facet normal 1.628955e-01 -9.866433e-01 0.000000e+00
    outer loop
      vertex 9.136833 -69.401140 4.000000
      vertex 13.656323 -68.654970 4.000000
      vertex 13.656323 -68.654970 16.000000
    endloop
  endfacet
  facet normal 1.628955e-01 -9.866433e-01 0.000000e+00
    outer loop
      vertex 9.136833 -69.401140 4.000000
      vertex 13.656323 -68.654970 16.000000
      vertex 9.136833 -69.401140 16.000000
    endloop
  endfacet
  facet normal -1.628955e-01 9.866433e-01 0.000000e+00
    outer loop
      vertex 8.092624 -61.469581 4.000000
      vertex 12.095600 -60.808687 16.000000
      vertex 12.095600 -60.808687 4.000000
    endloop
  endfacet
  facet normal -1.628955e-01 9.866433e-01 0.000000e+00
    outer loop
      vertex 8.092624 -61.469581 4.000000
      vertex 8.092624 -61.469581 16.000000
      vertex 12.095600 -60.808687 16.000000
    endloop
  endfacet
  facet normal 0.000000e+00 0.000000e+00 1.000000e+00
    outer loop
      vertex 13.656323 -68.654970 16.000000
      vertex 18.117333 -67.614808 16.000000
      vertex 16.046781 -59.887401 16.000000
    endloop
  endfacet
  facet normal 0.000000e+00 -0.000000e+00 1.000000e+00
    outer loop
      vertex 13.656323 -68.654970 16.000000
      vertex 16.046781 -59.887401 16.000000
      vertex 12.095600 -60.808687 16.000000
    endloop
  endfacet
  facet normal 0.000000e+00 0.000000e+00 -1.000000e+00
    outer loop
      vertex 13.656323 -68.654970 4.000000
      vertex 16.046781 -59.887401 4.000000
      vertex 18.117333 -67.614808 4.000000
    endloop
  endfacet
  facet normal 0.000000e+00 -0.000000e+00 1.000000e+00
    outer loop
      vertex 13.656323 -68.654970 4.000000
      vertex 16.046781 -59.887401 4.000000
      vertex 12.095600 -60.808687 4.000000
    endloop
  endfacet
  facet normal 2.270763e-01 -9.738770e-01 0.000000e+00
    outer loop
      vertex 13.656323 -68.654970 4.000000
      vertex 18.117333 -67.614808 4.000000
      vertex 18.117333 -67.614808 16.000000
    endloop
  endfacet
  facet normal 2.270763e-01 -9.738770e-01 0.000000e+00
    outer loop
      vertex 13.656323 -68.654970 4.000000
      vertex 18.117333 -67.614808 16.000000
      vertex 13.656323 -68.654970 16.000000
    endloop
  endfacet
  facet normal -2.270763e-01 9.738770e-01 0.000000e+00
    outer loop
      vertex 12.095600 -60.808687 4.000000
      vertex 16.046781 -59.887401 16.000000
      vertex 16.046781 -59.887401 4.000000
    endloop
  endfacet
  facet normal -2.270763e-01 9.738770e-01 0.000000e+00
    outer loop
      vertex 12.095600 -60.808687 4.000000
      vertex 12.095600 -60.808687 16.000000
      vertex 16.046781 -59.887401 16.000000
    endloop
  endfacet
  facet normal 0.000000e+00 0.000000e+00 1.000000e+00
    outer loop
      vertex 18.117333 -67.614808 16.000000
      vertex 22.500763 -66.285109 16.000000
      vertex 19.929247 -58.709668 16.000000
    endloop
  endfacet
  facet normal 0.000000e+00 -0.000000e+00 1.000000e+00
    outer loop
      vertex 18.117333 -67.614808 16.000000
      vertex 19.929247 -58.709668 16.000000
      vertex 16.046781 -59.887401 16.000000
    endloop
  endfacet
  facet normal 0.000000e+00 0.000000e+00 -1.000000e+00
    outer loop
      vertex 18.117333 -67.614808 4.000000
      vertex 19.929247 -58.709668 4.000000
      vertex 22.500763 -66.285109 4.000000
    endloop
  endfacet
  facet normal 0.000000e+00 -0.000000e+00 1.000000e+00
    outer loop
      vertex 18.117333 -67.614808 4.000000
      vertex 19.929247 -58.709668 4.000000
      vertex 16.046781 -59.887401 4.000000
    endloop
  endfacet
  facet normal 2.902847e-01 -9.569403e-01 0.000000e+00
    outer loop
      vertex 18.117333 -67.614808 4.000000
      vertex 22.500763 -66.285109 4.000000
      vertex 22.500763 -66.285109 16.000000
    endloop
  endfacet
  facet normal 2.902847e-01 -9.569403e-01 0.000000e+00
    outer loop
      vertex 18.117333 -67.614808 4.000000
      vertex 22.500763 -66.285109 16.000000
      vertex 18.117333 -67.614808 16.000000
    endloop
  endfacet
  facet normal -2.902847e-01 9.569403e-01 0.000000e+00
    outer loop
      vertex 16.046781 -59.887401 4.000000
      vertex 19.929247 -58.709668 16.000000
      vertex 19.929247 -58.709668 4.000000
    endloop
  endfacet
  facet normal -2.902847e-01 9.569403e-01 0.000000e+00
    outer loop
      vertex 16.046781 -59.887401 4.000000
      vertex 16.046781 -59.887401 16.000000
      vertex 19.929247 -58.709668 16.000000
    endloop
  endfacet
  facet normal 0.000000e+00 0.000000e+00 1.000000e+00
    outer loop
      vertex 22.500763 -66.285109 16.000000
      vertex 26.787840 -64.671567 16.000000
      vertex 23.726373 -57.280531 16.000000
    endloop
  endfacet
  facet normal 0.000000e+00 -0.000000e+00 1.000000e+00
    outer loop
      vertex 22.500763 -66.285109 16.000000
      vertex 23.726373 -57.280531 16.000000
      vertex 19.929247 -58.709668 16.000000
    endloop
  endfacet
  facet normal 0.000000e+00 0.000000e+00 -1.000000e+00
    outer loop
      vertex 22.500763 -66.285109 4.000000
      vertex 23.726373 -57.280531 4.000000
      vertex 26.787840 -64.671567 4.000000
    endloop
  endfacet
  facet normal 0.000000e+00 -0.000000e+00 1.000000e+00
    outer loop
      vertex 22.500763 -66.285109 4.000000
      vertex 23.726373 -57.280531 4.000000
      vertex 19.929247 -58.709668 4.000000
    endloop
  endfacet
  facet normal 3.522500e-01 -9.359059e-01 0.000000e+00
    outer loop
      vertex 22.500763 -66.285109 4.000000
      vertex 26.787840 -64.671567 4.000000
      vertex 26.787840 -64.671567 16.000000
    endloop
  endfacet
  facet normal 3.522500e-01 -9.359059e-01 0.000000e+00
    outer loop
      vertex 22.500763 -66.285109 4.000000
      vertex 26.787840 -64.671567 16.000000
      vertex 22.500763 -66.285109 16.000000
    endloop
  endfacet
  facet normal -3.522500e-01 9.359059e-01 0.000000e+00
    outer loop
      vertex 19.929247 -58.709668 4.000000
      vertex 23.726373 -57.280531 16.000000
      vertex 23.726373 -57.280531 4.000000
    endloop
  endfacet
  facet normal -3.522500e-01 9.359059e-01 0.000000e+00
    outer loop
      vertex 19.929247 -58.709668 4.000000
      vertex 19.929247 -58.709668 16.000000
      vertex 23.726373 -57.280531 16.000000
    endloop
  endfacet
  facet normal 0.000000e+00 0.000000e+00 1.000000e+00
    outer loop
      vertex 26.787840 -64.671567 16.000000
      vertex 30.960208 -62.781092 16.000000
      vertex 27.421899 -55.606110 16.000000
    endloop
  endfacet
  facet normal 0.000000e+00 -0.000000e+00 1.000000e+00
    outer loop
      vertex 26.787840 -64.671567 16.000000
      vertex 27.421899 -55.606110 16.000000
      vertex 23.726373 -57.280531 16.000000
    endloop
  endfacet
  facet normal 0.000000e+00 0.000000e+00 -1.000000e+00
    outer loop
      vertex 26.787840 -64.671567 4.000000
      vertex 27.421899 -55.606110 4.000000
      vertex 30.960208 -62.781092 4.000000
    endloop
  endfacet
  facet normal 0.000000e+00 -0.000000e+00 1.000000e+00
    outer loop
      vertex 26.787840 -64.671567 4.000000
      vertex 27.421899 -55.606110 4.000000
      vertex 23.726373 -57.280531 4.000000
    endloop
  endfacet
  facet normal 4.127070e-01 -9.108638e-01 0.000000e+00
    outer loop
      vertex 26.787840 -64.671567 4.000000
      vertex 30.960208 -62.781092 4.000000
      vertex 30.960208 -62.781092 16.000000
    endloop
  endfacet
  facet normal 4.127070e-01 -9.108638e-01 0.000000e+00
    outer loop
      vertex 26.787840 -64.671567 4.000000
      vertex 30.960208 -62.781092 16.000000
      vertex 26.787840 -64.671567 16.000000
    endloop
  endfacet
  facet normal -4.127070e-01 9.108638e-01 0.000000e+00
    outer loop
      vertex 23.726373 -57.280531 4.000000
      vertex 27.421899 -55.606110 16.000000
      vertex 27.421899 -55.606110 4.000000
    endloop
  endfacet
  facet normal -4.127070e-01 9.108638e-01 0.000000e+00
    outer loop
      vertex 23.726373 -57.280531 4.000000
      vertex 23.726373 -57.280531 16.000000
      vertex 27.421899 -55.606110 16.000000
    endloop
  endfacet
  facet normal 0.000000e+00 0.000000e+00 1.000000e+00
    outer loop
      vertex 30.960208 -62.781092 16.000000
      vertex 35.000000 -60.621778 16.000000
      vertex 31.000000 -53.693575 16.000000
    endloop
  endfacet
  facet normal 0.000000e+00 -0.000000e+00 1.000000e+00
    outer loop
      vertex 30.960208 -62.781092 16.000000
      vertex 31.000000 -53.693575 16.000000
      vertex 27.421899 -55.606110 16.000000
    endloop
  endfacet
  facet normal 0.000000e+00 0.000000e+00 -1.000000e+00
    outer loop
      vertex 30.960208 -62.781092 4.000000
      vertex 31.000000 -53.693575 4.000000
      vertex 35.000000 -60.621778 4.000000
    endloop
  endfacet
  facet normal 0.000000e+00 -0.000000e+00 1.000000e+00
    outer loop
      vertex 30.960208 -62.781092 4.000000
      vertex 31.000000 -53.693575 4.000000
      vertex 27.421899 -55.606110 4.000000
    endloop
  endfacet
  facet normal 4.713967e-01 -8.819213e-01 0.000000e+00
    outer loop
      vertex 30.960208 -62.781092 4.000000
      vertex 35.000000 -60.621778 4.000000
      vertex 35.000000 -60.621778 16.000000
    endloop
  endfacet
  facet normal 4.713967e-01 -8.819213e-01 0.000000e+00
    outer loop
      vertex 30.960208 -62.781092 4.000000
      vertex 35.000000 -60.621778 16.000000
      vertex 30.960208 -62.781092 16.000000
    endloop
  endfacet
  facet normal -4.713967e-01 8.819213e-01 0.000000e+00
    outer loop
      vertex 27.421899 -55.606110 4.000000
      vertex 31.000000 -53.693575 16.000000
      vertex 31.000000 -53.693575 4.000000
    endloop
  endfacet
  facet normal -4.713967e-01 8.819213e-01 0.000000e+00
    outer loop
      vertex 27.421899 -55.606110 4.000000
      vertex 27.421899 -55.606110 16.000000
      vertex 31.000000 -53.693575 16.000000
    endloop
  endfacet
  facet normal 0.000000e+00 -0.000000e+00 1.000000e+00
    outer loop
      vertex 35.000000 -60.621778 16.000000
      vertex 38.889916 -58.202873 16.000000
      vertex 34.445354 -51.551116 16.000000
    endloop
  endfacet
  facet normal 0.000000e+00 0.000000e+00 1.000000e+00
    outer loop
      vertex 35.000000 -60.621778 16.000000
      vertex 34.445354 -51.551116 16.000000
      vertex 31.000000 -53.693575 16.000000
    endloop
  endfacet
  facet normal 0.000000e+00 0.000000e+00 -1.000000e+00
    outer loop
      vertex 35.000000 -60.621778 4.000000
      vertex 34.445354 -51.551116 4.000000
      vertex 38.889916 -58.202873 4.000000
    endloop
  endfacet
  facet normal 0.000000e+00 0.000000e+00 1.000000e+00
    outer loop
      vertex 35.000000 -60.621778 4.000000
      vertex 34.445354 -51.551116 4.000000
      vertex 31.000000 -53.693575 4.000000
    endloop
  endfacet
  facet normal 5.280679e-01 -8.492022e-01 0.000000e+00
    outer loop
      vertex 35.000000 -60.621778 4.000000
      vertex 38.889916 -58.202873 4.000000
      vertex 38.889916 -58.202873 16.000000
    endloop
  endfacet
  facet normal 5.280679e-01 -8.492022e-01 0.000000e+00
    outer loop
      vertex 35.000000 -60.621778 4.000000
      vertex 38.889916 -58.202873 16.000000
      vertex 35.000000 -60.621778 16.000000
    endloop
  endfacet
  facet normal -5.280679e-01 8.492022e-01 0.000000e+00
    outer loop
      vertex 31.000000 -53.693575 4.000000
      vertex 34.445354 -51.551116 16.000000
      vertex 34.445354 -51.551116 4.000000
    endloop
  endfacet
  facet normal -5.280679e-01 8.492022e-01 0.000000e+00
    outer loop
      vertex 31.000000 -53.693575 4.000000
      vertex 31.000000 -53.693575 16.000000
      vertex 34.445354 -51.551116 16.000000
    endloop
  endfacet
  facet normal 0.000000e+00 -0.000000e+00 1.000000e+00
    outer loop
      vertex 38.889916 -58.202873 16.000000
      vertex 42.613300 -55.534734 16.000000
      vertex 37.743209 -49.187907 16.000000
    endloop
  endfacet
  facet normal 0.000000e+00 0.000000e+00 1.000000e+00
    outer loop
      vertex 38.889916 -58.202873 16.000000
      vertex 37.743209 -49.187907 16.000000
      vertex 34.445354 -51.551116 16.000000
    endloop
  endfacet
  facet normal 0.000000e+00 0.000000e+00 -1.000000e+00
    outer loop
      vertex 38.889916 -58.202873 4.000000
      vertex 37.743209 -49.187907 4.000000
      vertex 42.613300 -55.534734 4.000000
    endloop
  endfacet
  facet normal 0.000000e+00 0.000000e+00 1.000000e+00
    outer loop
      vertex 38.889916 -58.202873 4.000000
      vertex 37.743209 -49.187907 4.000000
      vertex 34.445354 -51.551116 4.000000
    endloop
  endfacet
  facet normal 5.824777e-01 -8.128467e-01 0.000000e+00
    outer loop
      vertex 38.889916 -58.202873 4.000000
      vertex 42.613300 -55.534734 4.000000
      vertex 42.613300 -55.534734 16.000000
    endloop
  endfacet
  facet normal 5.824777e-01 -8.128467e-01 0.000000e+00
    outer loop
      vertex 38.889916 -58.202873 4.000000
      vertex 42.613300 -55.534734 16.000000
      vertex 38.889916 -58.202873 16.000000
    endloop
  endfacet
  facet normal -5.824777e-01 8.128467e-01 0.000000e+00
    outer loop
      vertex 34.445354 -51.551116 4.000000
      vertex 37.743209 -49.187907 16.000000
      vertex 37.743209 -49.187907 4.000000
    endloop
  endfacet
  facet normal -5.824777e-01 8.128467e-01 0.000000e+00
    outer loop
      vertex 34.445354 -51.551116 4.000000
      vertex 34.445354 -51.551116 16.000000
      vertex 37.743209 -49.187907 16.000000
    endloop
  endfacet
  facet normal 0.000000e+00 -0.000000e+00 1.000000e+00
    outer loop
      vertex 42.613300 -55.534734 16.000000
      vertex 46.154207 -52.628787 16.000000
      vertex 40.879441 -46.614068 16.000000
    endloop
  endfacet
  facet normal 0.000000e+00 0.000000e+00 1.000000e+00
    outer loop
      vertex 42.613300 -55.534734 16.000000
      vertex 40.879441 -46.614068 16.000000
      vertex 37.743209 -49.187907 16.000000
    endloop
  endfacet
  facet normal 0.000000e+00 0.000000e+00 -1.000000e+00
    outer loop
      vertex 42.613300 -55.534734 4.000000
      vertex 40.879441 -46.614068 4.000000
      vertex 46.154207 -52.628787 4.000000
    endloop
  endfacet
  facet normal 0.000000e+00 0.000000e+00 1.000000e+00
    outer loop
      vertex 42.613300 -55.534734 4.000000
      vertex 40.879441 -46.614068 4.000000
      vertex 37.743209 -49.187907 4.000000
    endloop
  endfacet
  facet normal 6.343933e-01 -7.730105e-01 0.000000e+00
    outer loop
      vertex 42.613300 -55.534734 4.000000
      vertex 46.154207 -52.628787 4.000000
      vertex 46.154207 -52.628787 16.000000
    endloop
  endfacet
  facet normal 6.343933e-01 -7.730105e-01 0.000000e+00
    outer loop
      vertex 42.613300 -55.534734 4.000000
      vertex 46.154207 -52.628787 16.000000
      vertex 42.613300 -55.534734 16.000000
    endloop
  endfacet
  facet normal -6.343933e-01 7.730105e-01 0.000000e+00
    outer loop
      vertex 37.743209 -49.187907 4.000000
      vertex 40.879441 -46.614068 16.000000
      vertex 40.879441 -46.614068 4.000000
    endloop
  endfacet
  facet normal -6.343933e-01 7.730105e-01 0.000000e+00
    outer loop
      vertex 37.743209 -49.187907 4.000000
      vertex 37.743209 -49.187907 16.000000
      vertex 40.879441 -46.614068 16.000000
    endloop
  endfacet
  facet normal 0.000000e+00 -0.000000e+00 1.000000e+00
    outer loop
      vertex 46.154207 -52.628787 16.000000
      vertex 49.497475 -49.497475 16.000000
      vertex 43.840620 -43.840620 16.000000
    endloop
  endfacet
  facet normal 0.000000e+00 0.000000e+00 1.000000e+00
    outer loop
      vertex 46.154207 -52.628787 16.000000
      vertex 43.840620 -43.840620 16.000000
      vertex 40.879441 -46.614068 16.000000
    endloop
  endfacet
  facet normal 0.000000e+00 0.000000e+00 -1.000000e+00
    outer loop
      vertex 46.154207 -52.628787 4.000000
      vertex 43.840620 -43.840620 4.000000
      vertex 49.497475 -49.497475 4.000000
    endloop
  endfacet
  facet normal 0.000000e+00 0.000000e+00 1.000000e+00
    outer loop
      vertex 46.154207 -52.628787 4.000000
      vertex 43.840620 -43.840620 4.000000
      vertex 40.879441 -46.614068 4.000000
    endloop
  endfacet
  facet normal 6.835923e-01 -7.298641e-01 0.000000e+00
    outer loop
      vertex 46.154207 -52.628787 4.000000
      vertex 49.497475 -49.497475 4.000000
      vertex 49.497475 -49.497475 16.000000
    endloop
  endfacet
  facet normal 6.835923e-01 -7.298641e-01 0.000000e+00
    outer loop
      vertex 46.154207 -52.628787 4.000000
      vertex 49.497475 -49.497475 16.000000
      vertex 46.154207 -52.628787 16.000000
    endloop
  endfacet
  facet normal -6.835923e-01 7.298641e-01 0.000000e+00
    outer loop
      vertex 40.879441 -46.614068 4.000000
      vertex 43.840620 -43.840620 16.000000
      vertex 43.840620 -43.840620 4.000000
    endloop
  endfacet
  facet normal -6.835923e-01 7.298641e-01 0.000000e+00
    outer loop
      vertex 40.879441 -46.614068 4.000000
      vertex 40.879441 -46.614068 16.000000
      vertex 43.840620 -43.840620 16.000000
    endloop
  endfacet
  facet normal 0.000000e+00 -0.000000e+00 1.000000e+00
    outer loop
      vertex 49.497475 -49.497475 16.000000
      vertex 52.628787 -46.154207 16.000000
      vertex 46.614068 -40.879441 16.000000
    endloop
  endfacet
  facet normal 0.000000e+00 0.000000e+00 1.000000e+00
    outer loop
      vertex 49.497475 -49.497475 16.000000
      vertex 46.614068 -40.879441 16.000000
      vertex 43.840620 -43.840620 16.000000
    endloop
  endfacet
  facet normal 0.000000e+00 0.000000e+00 -1.000000e+00
    outer loop
      vertex 49.497475 -49.497475 4.000000
      vertex 46.614068 -40.879441 4.000000
      vertex 52.628787 -46.154207 4.000000
    endloop
  endfacet
  facet normal 0.000000e+00 0.000000e+00 1.000000e+00
    outer loop
      vertex 49.497475 -49.497475 4.000000
      vertex 46.614068 -40.879441 4.000000
      vertex 43.840620 -43.840620 4.000000
    endloop
  endfacet
  facet normal 7.298641e-01 -6.835923e-01 0.000000e+00
    outer loop
      vertex 49.497475 -49.497475 4.000000
      vertex 52.628787 -46.154207 4.000000
      vertex 52.628787 -46.154207 16.000000
    endloop
  endfacet
  facet normal 7.298641e-01 -6.835923e-01 0.000000e+00
    outer loop
      vertex 49.497475 -49.497475 4.000000
      vertex 52.628787 -46.154207 16.000000
      vertex 49.497475 -49.497475 16.000000
    endloop
  endfacet
  facet normal -7.298641e-01 6.835923e-01 0.000000e+00
    outer loop
      vertex 43.840620 -43.840620 4.000000
      vertex 46.614068 -40.879441 16.000000
      vertex 46.614068 -40.879441 4.000000
    endloop
  endfacet
  facet normal -7.298641e-01 6.835923e-01 0.000000e+00
    outer loop
      vertex 43.840620 -43.840620 4.000000
      vertex 43.840620 -43.840620 16.000000
      vertex 46.614068 -40.879441 16.000000
    endloop
  endfacet
  facet normal 0.000000e+00 -0.000000e+00 1.000000e+00
    outer loop
      vertex 52.628787 -46.154207 16.000000
      vertex 55.534734 -42.613300 16.000000
      vertex 49.187907 -37.743209 16.000000
    endloop
  endfacet
  facet normal 0.000000e+00 0.000000e+00 1.000000e+00
    outer loop
      vertex 52.628787 -46.154207 16.000000
      vertex 49.187907 -37.743209 16.000000
      vertex 46.614068 -40.879441 16.000000
    endloop
  endfacet
  facet normal 0.000000e+00 0.000000e+00 -1.000000e+00
    outer loop
      vertex 52.628787 -46.154207 4.000000
      vertex 49.187907 -37.743209 4.000000
      vertex 55.534734 -42.613300 4.000000
    endloop
  endfacet
  facet normal 0.000000e+00 0.000000e+00 1.000000e+00
    outer loop
      vertex 52.628787 -46.154207 4.000000
      vertex 49.187907 -37.743209 4.000000
      vertex 46.614068 -40.879441 4.000000
    endloop
  endfacet
  facet normal 7.730105e-01 -6.343933e-01 0.000000e+00
    outer loop
      vertex 52.628787 -46.154207 4.000000
      vertex 55.534734 -42.613300 4.000000
      vertex 55.534734 -42.613300 16.000000
    endloop
  endfacet
  facet normal 7.730105e-01 -6.343933e-01 0.000000e+00
    outer loop
      vertex 52.628787 -46.154207 4.000000
      vertex 55.534734 -42.613300 16.000000
      vertex 52.628787 -46.154207 16.000000
    endloop
  endfacet
  facet normal -7.730105e-01 6.343933e-01 0.000000e+00
    outer loop
      vertex 46.614068 -40.879441 4.000000
      vertex 49.187907 -37.743209 16.000000
      vertex 49.187907 -37.743209 4.000000
    endloop
  endfacet
  facet normal -7.730105e-01 6.343933e-01 0.000000e+00
    outer loop
      vertex 46.614068 -40.879441 4.000000
      vertex 46.614068 -40.879441 16.000000
      vertex 49.187907 -37.743209 16.000000
    endloop
  endfacet
  facet normal 0.000000e+00 -0.000000e+00 1.000000e+00
    outer loop
      vertex 55.534734 -42.613300 16.000000
      vertex 58.202873 -38.889916 16.000000
      vertex 51.551116 -34.445354 16.000000
    endloop
  endfacet
  facet normal 0.000000e+00 0.000000e+00 1.000000e+00
    outer loop
      vertex 55.534734 -42.613300 16.000000
      vertex 51.551116 -34.445354 16.000000
      vertex 49.187907 -37.743209 16.000000
    endloop
  endfacet
  facet normal 0.000000e+00 0.000000e+00 -1.000000e+00
    outer loop
      vertex 55.534734 -42.613300 4.000000
      vertex 51.551116 -34.445354 4.000000
      vertex 58.202873 -38.889916 4.000000
    endloop
  endfacet
  facet normal 0.000000e+00 0.000000e+00 1.000000e+00
    outer loop
      vertex 55.534734 -42.613300 4.000000
      vertex 51.551116 -34.445354 4.000000
      vertex 49.187907 -37.743209 4.000000
    endloop
  endfacet
  facet normal 8.128467e-01 -5.824777e-01 0.000000e+00
    outer loop
      vertex 55.534734 -42.613300 4.000000
      vertex 58.202873 -38.889916 4.000000
      vertex 58.202873 -38.889916 16.000000
    endloop
  endfacet
  facet normal 8.128467e-01 -5.824777e-01 0.000000e+00
    outer loop
      vertex 55.534734 -42.613300 4.000000
      vertex 58.202873 -38.889916 16.000000
      vertex 55.534734 -42.613300 16.000000
    endloop
  endfacet
  facet normal -8.128467e-01 5.824777e-01 0.000000e+00
    outer loop
      vertex 49.187907 -37.743209 4.000000
      vertex 51.551116 -34.445354 16.000000
      vertex 51.551116 -34.445354 4.000000
    endloop
  endfacet
  facet normal -8.128467e-01 5.824777e-01 0.000000e+00
    outer loop
      vertex 49.187907 -37.743209 4.000000
      vertex 49.187907 -37.743209 16.000000
      vertex 51.551116 -34.445354 16.000000
    endloop
  endfacet
  facet normal 0.000000e+00 -0.000000e+00 1.000000e+00
    outer loop
      vertex 58.202873 -38.889916 16.000000
      vertex 60.621778 -35.000000 16.000000
      vertex 53.693575 -31.000000 16.000000
    endloop
  endfacet
  facet normal 0.000000e+00 0.000000e+00 1.000000e+00
    outer loop
      vertex 58.202873 -38.889916 16.000000
      vertex 53.693575 -31.000000 16.000000
      vertex 51.551116 -34.445354 16.000000
    endloop
  endfacet
  facet normal 0.000000e+00 0.000000e+00 -1.000000e+00
    outer loop
      vertex 58.202873 -38.889916 4.000000
      vertex 53.693575 -31.000000 4.000000
      vertex 60.621778 -35.000000 4.000000
    endloop
  endfacet
  facet normal 0.000000e+00 0.000000e+00 1.000000e+00
    outer loop
      vertex 58.202873 -38.889916 4.000000
      vertex 53.693575 -31.000000 4.000000
      vertex 51.551116 -34.445354 4.000000
    endloop
  endfacet
  facet normal 8.492022e-01 -5.280679e-01 0.000000e+00
    outer loop
      vertex 58.202873 -38.889916 4.000000
      vertex 60.621778 -35.000000 4.000000
      vertex 60.621778 -35.000000 16.000000
    endloop
  endfacet
  facet normal 8.492022e-01 -5.280679e-01 0.000000e+00
    outer loop
      vertex 58.202873 -38.889916 4.000000
      vertex 60.621778 -35.000000 16.000000
      vertex 58.202873 -38.889916 16.000000
    endloop
  endfacet
  facet normal -8.492022e-01 5.280679e-01 0.000000e+00
    outer loop
      vertex 51.551116 -34.445354 4.000000
      vertex 53.693575 -31.000000 16.000000
      vertex 53.693575 -31.000000 4.000000
    endloop
  endfacet
  facet normal -8.492022e-01 5.280679e-01 0.000000e+00
    outer loop
      vertex 51.551116 -34.445354 4.000000
      vertex 51.551116 -34.445354 16.000000
      vertex 53.693575 -31.000000 16.000000
    endloop
  endfacet
  facet normal 0.000000e+00 -0.000000e+00 1.000000e+00
    outer loop
      vertex 60.621778 -35.000000 16.000000
      vertex 62.781092 -30.960208 16.000000
      vertex 55.606110 -27.421899 16.000000
    endloop
  endfacet
  facet normal 0.000000e+00 0.000000e+00 1.000000e+00
    outer loop
      vertex 60.621778 -35.000000 16.000000
      vertex 55.606110 -27.421899 16.000000
      vertex 53.693575 -31.000000 16.000000
    endloop
  endfacet
  facet normal 0.000000e+00 0.000000e+00 -1.000000e+00
    outer loop
      vertex 60.621778 -35.000000 4.000000
      vertex 55.606110 -27.421899 4.000000
      vertex 62.781092 -30.960208 4.000000
    endloop
  endfacet
  facet normal 0.000000e+00 0.000000e+00 1.000000e+00
    outer loop
      vertex 60.621778 -35.000000 4.000000
      vertex 55.606110 -27.421899 4.000000
      vertex 53.693575 -31.000000 4.000000
    endloop
  endfacet
  facet normal 8.819213e-01 -4.713967e-01 0.000000e+00
    outer loop
      vertex 60.621778 -35.000000 4.000000
      vertex 62.781092 -30.960208 4.000000
      vertex 62.781092 -30.960208 16.000000
    endloop
  endfacet
  facet normal 8.819213e-01 -4.713967e-01 0.000000e+00
    outer loop
      vertex 60.621778 -35.000000 4.000000
      vertex 62.781092 -30.960208 16.000000
      vertex 60.621778 -35.000000 16.000000
    endloop
  endfacet
  facet normal -8.819213e-01 4.713967e-01 0.000000e+00
    outer loop
      vertex 53.693575 -31.000000 4.000000
      vertex 55.606110 -27.421899 16.000000
      vertex 55.606110 -27.421899 4.000000
    endloop
  endfacet
  facet normal -8.819213e-01 4.713967e-01 0.000000e+00
    outer loop
      vertex 53.693575 -31.000000 4.000000
      vertex 53.693575 -31.000000 16.000000
      vertex 55.606110 -27.421899 16.000000
    endloop
  endfacet
  facet normal 0.000000e+00 -0.000000e+00 1.000000e+00
    outer loop
      vertex 62.781092 -30.960208 16.000000
      vertex 64.671567 -26.787840 16.000000
      vertex 57.280531 -23.726373 16.000000
    endloop
  endfacet
  facet normal 0.000000e+00 0.000000e+00 1.000000e+00
    outer loop
      vertex 62.781092 -30.960208 16.000000
      vertex 57.280531 -23.726373 16.000000
      vertex 55.606110 -27.421899 16.000000
    endloop
  endfacet
  facet normal 0.000000e+00 0.000000e+00 -1.000000e+00
    outer loop
      vertex 62.781092 -30.960208 4.000000
      vertex 57.280531 -23.726373 4.000000
      vertex 64.671567 -26.787840 4.000000
    endloop
  endfacet
  facet normal 0.000000e+00 0.000000e+00 1.000000e+00
    outer loop
      vertex 62.781092 -30.960208 4.000000
      vertex 57.280531 -23.726373 4.000000
      vertex 55.606110 -27.421899 4.000000
    endloop
  endfacet
  facet normal 9.108638e-01 -4.127070e-01 0.000000e+00
    outer loop
      vertex 62.781092 -30.960208 4.000000
      vertex 64.671567 -26.787840 4.000000
      vertex 64.671567 -26.787840 16.000000
    endloop
  endfacet
  facet normal 9.108638e-01 -4.127070e-01 0.000000e+00
    outer loop
      vertex 62.781092 -30.960208 4.000000
      vertex 64.671567 -26.787840 16.000000
      vertex 62.781092 -30.960208 16.000000
    endloop
  endfacet
  facet normal -9.108638e-01 4.127070e-01 0.000000e+00
    outer loop
      vertex 55.606110 -27.421899 4.000000
      vertex 57.280531 -23.726373 16.000000
      vertex 57.280531 -23.726373 4.000000
    endloop
  endfacet
  facet normal -9.108638e-01 4.127070e-01 0.000000e+00
    outer loop
      vertex 55.606110 -27.421899 4.000000
      vertex 55.606110 -27.421899 16.000000
      vertex 57.280531 -23.726373 16.000000
    endloop
  endfacet
  facet normal 0.000000e+00 -0.000000e+00 1.000000e+00
    outer loop
      vertex 64.671567 -26.787840 16.000000
      vertex 66.285109 -22.500763 16.000000
      vertex 58.709668 -19.929247 16.000000
    endloop
  endfacet
  facet normal 0.000000e+00 0.000000e+00 1.000000e+00
    outer loop
      vertex 64.671567 -26.787840 16.000000
      vertex 58.709668 -19.929247 16.000000
      vertex 57.280531 -23.726373 16.000000
    endloop
  endfacet
  facet normal 0.000000e+00 0.000000e+00 -1.000000e+00
    outer loop
      vertex 64.671567 -26.787840 4.000000
      vertex 58.709668 -19.929247 4.000000
      vertex 66.285109 -22.500763 4.000000
    endloop
  endfacet
  facet normal 0.000000e+00 0.000000e+00 1.000000e+00
    outer loop
      vertex 64.671567 -26.787840 4.000000
      vertex 58.709668 -19.929247 4.000000
      vertex 57.280531 -23.726373 4.000000
    endloop
  endfacet
  facet normal 9.359059e-01 -3.522500e-01 0.000000e+00
    outer loop
      vertex 64.671567 -26.787840 4.000000
      vertex 66.285109 -22.500763 4.000000
      vertex 66.285109 -22.500763 16.000000
    endloop
  endfacet
  facet normal 9.359059e-01 -3.522500e-01 0.000000e+00
    outer loop
      vertex 64.671567 -26.787840 4.000000
      vertex 66.285109 -22.500763 16.000000
      vertex 64.671567 -26.787840 16.000000
    endloop
  endfacet
  facet normal -9.359059e-01 3.522500e-01 0.000000e+00
    outer loop
      vertex 57.280531 -23.726373 4.000000
      vertex 58.709668 -19.929247 16.000000
      vertex 58.709668 -19.929247 4.000000
    endloop
  endfacet
  facet normal -9.359059e-01 3.522500e-01 0.000000e+00
    outer loop
      vertex 57.280531 -23.726373 4.000000
      vertex 57.280531 -23.726373 16.000000
      vertex 58.709668 -19.929247 16.000000
    endloop
  endfacet
  facet normal 0.000000e+00 -0.000000e+00 1.000000e+00
    outer loop
      vertex 66.285109 -22.500763 16.000000
      vertex 67.614808 -18.117333 16.000000
      vertex 59.887401 -16.046781 16.000000
    endloop
  endfacet
  facet normal 0.000000e+00 0.000000e+00 1.000000e+00
    outer loop
      vertex 66.285109 -22.500763 16.000000
      vertex 59.887401 -16.046781 16.000000
      vertex 58.709668 -19.929247 16.000000
    endloop
  endfacet
  facet normal 0.000000e+00 0.000000e+00 -1.000000e+00
    outer loop
      vertex 66.285109 -22.500763 4.000000
      vertex 59.887401 -16.046781 4.000000
      vertex 67.614808 -18.117333 4.000000
    endloop
  endfacet
  facet normal 0.000000e+00 0.000000e+00 1.000000e+00
    outer loop
      vertex 66.285109 -22.500763 4.000000
      vertex 59.887401 -16.046781 4.000000
      vertex 58.709668 -19.929247 4.000000
    endloop
  endfacet
  facet normal 9.569403e-01 -2.902847e-01 0.000000e+00
    outer loop
      vertex 66.285109 -22.500763 4.000000
      vertex 67.614808 -18.117333 4.000000
      vertex 67.614808 -18.117333 16.000000
    endloop
  endfacet
  facet normal 9.569403e-01 -2.902847e-01 0.000000e+00
    outer loop
      vertex 66.285109 -22.500763 4.000000
      vertex 67.614808 -18.117333 16.000000
      vertex 66.285109 -22.500763 16.000000
    endloop
  endfacet
  facet normal -9.569403e-01 2.902847e-01 0.000000e+00
    outer loop
      vertex 58.709668 -19.929247 4.000000
      vertex 59.887401 -16.046781 16.000000
      vertex 59.887401 -16.046781 4.000000
    endloop
  endfacet
  facet normal -9.569403e-01 2.902847e-01 0.000000e+00
    outer loop
      vertex 58.709668 -19.929247 4.000000
      vertex 58.709668 -19.929247 16.000000
      vertex 59.887401 -16.046781 16.000000
    endloop
  endfacet
  facet normal 0.000000e+00 -0.000000e+00 1.000000e+00
    outer loop
      vertex 67.614808 -18.117333 16.000000
      vertex 68.654970 -13.656323 16.000000
      vertex 60.808687 -12.095600 16.000000
    endloop
  endfacet
  facet normal 0.000000e+00 0.000000e+00 1.000000e+00
    outer loop
      vertex 67.614808 -18.117333 16.000000
      vertex 60.808687 -12.095600 16.000000
      vertex 59.887401 -16.046781 16.000000
    endloop
  endfacet
  facet normal 0.000000e+00 0.000000e+00 -1.000000e+00
    outer loop
      vertex 67.614808 -18.117333 4.000000
      vertex 60.808687 -12.095600 4.000000
      vertex 68.654970 -13.656323 4.000000
    endloop
  endfacet
  facet normal 0.000000e+00 0.000000e+00 1.000000e+00
    outer loop
      vertex 67.614808 -18.117333 4.000000
      vertex 60.808687 -12.095600 4.000000
      vertex 59.887401 -16.046781 4.000000
    endloop
  endfacet
  facet normal 9.738770e-01 -2.270763e-01 0.000000e+00
    outer loop
      vertex 67.614808 -18.117333 4.000000
      vertex 68.654970 -13.656323 4.000000
      vertex 68.654970 -13.656323 16.000000
    endloop
  endfacet
  facet normal 9.738770e-01 -2.270763e-01 0.000000e+00
    outer loop
      vertex 67.614808 -18.117333 4.000000
      vertex 68.654970 -13.656323 16.000000
      vertex 67.614808 -18.117333 16.000000
    endloop
  endfacet
  facet normal -9.738770e-01 2.270763e-01 0.000000e+00
    outer loop
      vertex 59.887401 -16.046781 4.000000
      vertex 60.808687 -12.095600 16.000000
      vertex 60.808687 -12.095600 4.000000
    endloop
  endfacet
  facet normal -9.738770e-01 2.270763e-01 0.000000e+00
    outer loop
      vertex 59.887401 -16.046781 4.000000
      vertex 59.887401 -16.046781 16.000000
      vertex 60.808687 -12.095600 16.000000
    endloop
  endfacet
  facet normal 0.000000e+00 -0.000000e+00 1.000000e+00
    outer loop
      vertex 68.654970 -13.656323 16.000000
      vertex 69.401140 -9.136833 16.000000
      vertex 61.469581 -8.092624 16.000000
    endloop
  endfacet
  facet normal 0.000000e+00 0.000000e+00 1.000000e+00
    outer loop
      vertex 68.654970 -13.656323 16.000000
      vertex 61.469581 -8.092624 16.000000
      vertex 60.808687 -12.095600 16.000000
    endloop
  endfacet
  facet normal 0.000000e+00 0.000000e+00 -1.000000e+00
    outer loop
      vertex 68.654970 -13.656323 4.000000
      vertex 61.469581 -8.092624 4.000000
      vertex 69.401140 -9.136833 4.000000
    endloop
  endfacet
  facet normal 0.000000e+00 0.000000e+00 1.000000e+00
    outer loop
      vertex 68.654970 -13.656323 4.000000
      vertex 61.469581 -8.092624 4.000000
      vertex 60.808687 -12.095600 4.000000
    endloop
  endfacet
  facet normal 9.866433e-01 -1.628955e-01 0.000000e+00
    outer loop
      vertex 68.654970 -13.656323 4.000000
      vertex 69.401140 -9.136833 4.000000
      vertex 69.401140 -9.136833 16.000000
    endloop
  endfacet
  facet normal 9.866433e-01 -1.628955e-01 0.000000e+00
    outer loop
      vertex 68.654970 -13.656323 4.000000
      vertex 69.401140 -9.136833 16.000000
      vertex 68.654970 -13.656323 16.000000
    endloop
  endfacet
  facet normal -9.866433e-01 1.628955e-01 0.000000e+00
    outer loop
      vertex 60.808687 -12.095600 4.000000
      vertex 61.469581 -8.092624 16.000000
      vertex 61.469581 -8.092624 4.000000
    endloop
  endfacet
  facet normal -9.866433e-01 1.628955e-01 0.000000e+00
    outer loop
      vertex 60.808687 -12.095600 4.000000
      vertex 60.808687 -12.095600 16.000000
      vertex 61.469581 -8.092624 16.000000
    endloop
  endfacet
  facet normal 0.000000e+00 -0.000000e+00 1.000000e+00
    outer loop
      vertex 69.401140 -9.136833 16.000000
      vertex 69.850125 -4.578219 16.000000
      vertex 61.867253 -4.054994 16.000000
    endloop
  endfacet
  facet normal 0.000000e+00 0.000000e+00 1.000000e+00
    outer loop
      vertex 69.401140 -9.136833 16.000000
      vertex 61.867253 -4.054994 16.000000
      vertex 61.469581 -8.092624 16.000000
    endloop
  endfacet
  facet normal 0.000000e+00 0.000000e+00 -1.000000e+00
    outer loop
      vertex 69.401140 -9.136833 4.000000
      vertex 61.867253 -4.054994 4.000000
      vertex 69.850125 -4.578219 4.000000
    endloop
  endfacet
  facet normal 0.000000e+00 0.000000e+00 1.000000e+00
    outer loop
      vertex 69.401140 -9.136833 4.000000
      vertex 61.867253 -4.054994 4.000000
      vertex 61.469581 -8.092624 4.000000
    endloop
  endfacet
  facet normal 9.951847e-01 -9.801714e-02 0.000000e+00
    outer loop
      vertex 69.401140 -9.136833 4.000000
      vertex 69.850125 -4.578219 4.000000
      vertex 69.850125 -4.578219 16.000000
    endloop
  endfacet
  facet normal 9.951847e-01 -9.801714e-02 0.000000e+00
    outer loop
      vertex 69.401140 -9.136833 4.000000
      vertex 69.850125 -4.578219 16.000000
      vertex 69.401140 -9.136833 16.000000
    endloop
  endfacet
  facet normal -9.951847e-01 9.801714e-02 0.000000e+00
    outer loop
      vertex 61.469581 -8.092624 4.000000
      vertex 61.867253 -4.054994 16.000000
      vertex 61.867253 -4.054994 4.000000
    endloop
  endfacet
  facet normal -9.951847e-01 9.801714e-02 0.000000e+00
    outer loop
      vertex 61.469581 -8.092624 4.000000
      vertex 61.469581 -8.092624 16.000000
      vertex 61.867253 -4.054994 16.000000
    endloop
  endfacet
  facet normal 0.000000e+00 -0.000000e+00 1.000000e+00
    outer loop
      vertex 69.850125 -4.578219 16.000000
      vertex 70.000000 0.000000 16.000000
      vertex 62.000000 0.000000 16.000000
    endloop
  endfacet
  facet normal 0.000000e+00 0.000000e+00 1.000000e+00
    outer loop
      vertex 69.850125 -4.578219 16.000000
      vertex 62.000000 0.000000 16.000000
      vertex 61.867253 -4.054994 16.000000
    endloop
  endfacet
  facet normal 0.000000e+00 0.000000e+00 -1.000000e+00
    outer loop
      vertex 69.850125 -4.578219 4.000000
      vertex 62.000000 0.000000 4.000000
      vertex 70.000000 0.000000 4.000000
    endloop
  endfacet
  facet normal 0.000000e+00 0.000000e+00 1.000000e+00
    outer loop
      vertex 69.850125 -4.578219 4.000000
      vertex 62.000000 0.000000 4.000000
      vertex 61.867253 -4.054994 4.000000
    endloop
  endfacet
  facet normal 9.994646e-01 -3.271908e-02 0.000000e+00
    outer loop
      vertex 69.850125 -4.578219 4.000000
      vertex 70.000000 0.000000 4.000000
      vertex 70.000000 0.000000 16.000000
    endloop
  endfacet
  facet normal 9.994646e-01 -3.271908e-02 0.000000e+00
    outer loop
      vertex 69.850125 -4.578219 4.000000
      vertex 70.000000 0.000000 16.000000
      vertex 69.850125 -4.578219 16.000000
    endloop
  endfacet
  facet normal -9.994646e-01 3.271908e-02 0.000000e+00
    outer loop
      vertex 61.867253 -4.054994 4.000000
      vertex 62.000000 0.000000 16.000000
      vertex 62.000000 0.000000 4.000000
    endloop
  endfacet
  facet normal -9.994646e-01 3.271908e-02 0.000000e+00
    outer loop
      vertex 61.867253 -4.054994 4.000000
      vertex 61.867253 -4.054994 16.000000
      vertex 62.000000 0.000000 16.000000
    endloop
  endfacet
  facet normal 0.000000e+00 -0.000000e+00 1.000000e+00
    outer loop
      vertex 11.000000 48.000000 -52.000000
      vertex 11.000000 68.000000 -52.000000
      vertex -11.000000 68.000000 -52.000000
    endloop
  endfacet
  facet normal 0.000000e+00 0.000000e+00 1.000000e+00
    outer loop
      vertex 11.000000 48.000000 -52.000000
      vertex -11.000000 68.000000 -52.000000
      vertex -11.000000 48.000000 -52.000000
    endloop
  endfacet
  facet normal 0.000000e+00 0.000000e+00 -1.000000e+00
    outer loop
      vertex 9.000000 45.000000 2.000000
      vertex -9.000000 59.000000 2.000000
      vertex 9.000000 59.000000 2.000000
    endloop
  endfacet
  facet normal 0.000000e+00 0.000000e+00 -1.000000e+00
    outer loop
      vertex 9.000000 45.000000 2.000000
      vertex -9.000000 45.000000 2.000000
      vertex -9.000000 59.000000 2.000000
    endloop
  endfacet
  facet normal 9.993148e-01 -0.000000e+00 3.701166e-02
    outer loop
      vertex 11.000000 48.000000 -52.000000
      vertex 11.000000 68.000000 -52.000000
      vertex 9.000000 59.000000 2.000000
    endloop
  endfacet
  facet normal 9.993148e-01 0.000000e+00 3.701166e-02
    outer loop
      vertex 11.000000 48.000000 -52.000000
      vertex 9.000000 59.000000 2.000000
      vertex 9.000000 45.000000 2.000000
    endloop
  endfacet
  facet normal 0.000000e+00 9.863939e-01 1.643990e-01
    outer loop
      vertex 11.000000 68.000000 -52.000000
      vertex -11.000000 68.000000 -52.000000
      vertex -9.000000 59.000000 2.000000
    endloop
  endfacet
  facet normal 0.000000e+00 9.863939e-01 1.643990e-01
    outer loop
      vertex 11.000000 68.000000 -52.000000
      vertex -9.000000 59.000000 2.000000
      vertex 9.000000 59.000000 2.000000
    endloop
  endfacet
  facet normal -9.993148e-01 0.000000e+00 3.701166e-02
    outer loop
      vertex -11.000000 68.000000 -52.000000
      vertex -11.000000 48.000000 -52.000000
      vertex -9.000000 45.000000 2.000000
    endloop
  endfacet
  facet normal -9.993148e-01 0.000000e+00 3.701166e-02
    outer loop
      vertex -11.000000 68.000000 -52.000000
      vertex -9.000000 45.000000 2.000000
      vertex -9.000000 59.000000 2.000000
    endloop
  endfacet
  facet normal 0.000000e+00 -9.984604e-01 -5.547002e-02
    outer loop
      vertex -11.000000 48.000000 -52.000000
      vertex 11.000000 48.000000 -52.000000
      vertex 9.000000 45.000000 2.000000
    endloop
  endfacet
  facet normal 0.000000e+00 -9.984604e-01 -5.547002e-02
    outer loop
      vertex -11.000000 48.000000 -52.000000
      vertex 9.000000 45.000000 2.000000
      vertex -9.000000 45.000000 2.000000
    endloop
  endfacet
  facet normal 0.000000e+00 0.000000e+00 1.000000e+00
    outer loop
      vertex -47.069219 -14.473721 -52.000000
      vertex -64.389727 -24.473721 -52.000000
      vertex -53.389727 -43.526279 -52.000000
    endloop
  endfacet
  facet normal 0.000000e+00 0.000000e+00 1.000000e+00
    outer loop
      vertex -47.069219 -14.473721 -52.000000
      vertex -53.389727 -43.526279 -52.000000
      vertex -36.069219 -33.526279 -52.000000
    endloop
  endfacet
  facet normal 0.000000e+00 0.000000e+00 -1.000000e+00
    outer loop
      vertex -43.471143 -14.705771 2.000000
      vertex -46.595499 -37.294229 2.000000
      vertex -55.595499 -21.705771 2.000000
    endloop
  endfacet
  facet normal 0.000000e+00 -0.000000e+00 -1.000000e+00
    outer loop
      vertex -43.471143 -14.705771 2.000000
      vertex -34.471143 -30.294229 2.000000
      vertex -46.595499 -37.294229 2.000000
    endloop
  endfacet
  facet normal -4.996574e-01 8.654320e-01 3.701166e-02
    outer loop
      vertex -47.069219 -14.473721 -52.000000
      vertex -64.389727 -24.473721 -52.000000
      vertex -55.595499 -21.705771 2.000000
    endloop
  endfacet
  facet normal -4.996574e-01 8.654320e-01 3.701166e-02
    outer loop
      vertex -47.069219 -14.473721 -52.000000
      vertex -55.595499 -21.705771 2.000000
      vertex -43.471143 -14.705771 2.000000
    endloop
  endfacet
  facet normal -8.542422e-01 -4.931970e-01 1.643990e-01
    outer loop
      vertex -64.389727 -24.473721 -52.000000
      vertex -53.389727 -43.526279 -52.000000
      vertex -46.595499 -37.294229 2.000000
    endloop
  endfacet
  facet normal -8.542422e-01 -4.931970e-01 1.643990e-01
    outer loop
      vertex -64.389727 -24.473721 -52.000000
      vertex -46.595499 -37.294229 2.000000
      vertex -55.595499 -21.705771 2.000000
    endloop
  endfacet
  facet normal 4.996574e-01 -8.654320e-01 3.701166e-02
    outer loop
      vertex -53.389727 -43.526279 -52.000000
      vertex -36.069219 -33.526279 -52.000000
      vertex -34.471143 -30.294229 2.000000
    endloop
  endfacet
  facet normal 4.996574e-01 -8.654320e-01 3.701166e-02
    outer loop
      vertex -53.389727 -43.526279 -52.000000
      vertex -34.471143 -30.294229 2.000000
      vertex -46.595499 -37.294229 2.000000
    endloop
  endfacet
  facet normal 8.646920e-01 4.992302e-01 -5.547002e-02
    outer loop
      vertex -36.069219 -33.526279 -52.000000
      vertex -47.069219 -14.473721 -52.000000
      vertex -43.471143 -14.705771 2.000000
    endloop
  endfacet
  facet normal 8.646920e-01 4.992302e-01 -5.547002e-02
    outer loop
      vertex -36.069219 -33.526279 -52.000000
      vertex -43.471143 -14.705771 2.000000
      vertex -34.471143 -30.294229 2.000000
    endloop
  endfacet
  facet normal -0.000000e+00 0.000000e+00 1.000000e+00
    outer loop
      vertex 36.069219 -33.526279 -52.000000
      vertex 53.389727 -43.526279 -52.000000
      vertex 64.389727 -24.473721 -52.000000
    endloop
  endfacet
  facet normal 0.000000e+00 0.000000e+00 1.000000e+00
    outer loop
      vertex 36.069219 -33.526279 -52.000000
      vertex 64.389727 -24.473721 -52.000000
      vertex 47.069219 -14.473721 -52.000000
    endloop
  endfacet
  facet normal 0.000000e+00 0.000000e+00 -1.000000e+00
    outer loop
      vertex 34.471143 -30.294229 2.000000
      vertex 55.595499 -21.705771 2.000000
      vertex 46.595499 -37.294229 2.000000
    endloop
  endfacet
  facet normal 0.000000e+00 0.000000e+00 -1.000000e+00
    outer loop
      vertex 34.471143 -30.294229 2.000000
      vertex 43.471143 -14.705771 2.000000
      vertex 55.595499 -21.705771 2.000000
    endloop
  endfacet
  facet normal -4.996574e-01 -8.654320e-01 3.701166e-02
    outer loop
      vertex 36.069219 -33.526279 -52.000000
      vertex 53.389727 -43.526279 -52.000000
      vertex 46.595499 -37.294229 2.000000
    endloop
  endfacet
  facet normal -4.996574e-01 -8.654320e-01 3.701166e-02
    outer loop
      vertex 36.069219 -33.526279 -52.000000
      vertex 46.595499 -37.294229 2.000000
      vertex 34.471143 -30.294229 2.000000
    endloop
  endfacet
  facet normal 8.542422e-01 -4.931970e-01 1.643990e-01
    outer loop
      vertex 53.389727 -43.526279 -52.000000
      vertex 64.389727 -24.473721 -52.000000
      vertex 55.595499 -21.705771 2.000000
    endloop
  endfacet
  facet normal 8.542422e-01 -4.931970e-01 1.643990e-01
    outer loop
      vertex 53.389727 -43.526279 -52.000000
      vertex 55.595499 -21.705771 2.000000
      vertex 46.595499 -37.294229 2.000000
    endloop
  endfacet
  facet normal 4.996574e-01 8.654320e-01 3.701166e-02
    outer loop
      vertex 64.389727 -24.473721 -52.000000
      vertex 47.069219 -14.473721 -52.000000
      vertex 43.471143 -14.705771 2.000000
    endloop
  endfacet
  facet normal 4.996574e-01 8.654320e-01 3.701166e-02
    outer loop
      vertex 64.389727 -24.473721 -52.000000
      vertex 43.471143 -14.705771 2.000000
      vertex 55.595499 -21.705771 2.000000
    endloop
  endfacet
  facet normal -8.646920e-01 4.992302e-01 -5.547002e-02
    outer loop
      vertex 47.069219 -14.473721 -52.000000
      vertex 36.069219 -33.526279 -52.000000
      vertex 34.471143 -30.294229 2.000000
    endloop
  endfacet
  facet normal -8.646920e-01 4.992302e-01 -5.547002e-02
    outer loop
      vertex 47.069219 -14.473721 -52.000000
      vertex 34.471143 -30.294229 2.000000
      vertex 43.471143 -14.705771 2.000000
    endloop
  endfacet
  facet normal 0.000000e+00 -0.000000e+00 1.000000e+00
    outer loop
      vertex 13.000000 47.000000 -56.000000
      vertex 13.000000 71.000000 -56.000000
      vertex -13.000000 71.000000 -56.000000
    endloop
  endfacet
  facet normal 0.000000e+00 0.000000e+00 1.000000e+00
    outer loop
      vertex 13.000000 47.000000 -56.000000
      vertex -13.000000 71.000000 -56.000000
      vertex -13.000000 47.000000 -56.000000
    endloop
  endfacet
  facet normal 0.000000e+00 0.000000e+00 -1.000000e+00
    outer loop
      vertex 13.000000 47.000000 -52.000000
      vertex -13.000000 71.000000 -52.000000
      vertex 13.000000 71.000000 -52.000000
    endloop
  endfacet
  facet normal 0.000000e+00 0.000000e+00 -1.000000e+00
    outer loop
      vertex 13.000000 47.000000 -52.000000
      vertex -13.000000 47.000000 -52.000000
      vertex -13.000000 71.000000 -52.000000
    endloop
  endfacet
  facet normal -1.000000e+00 0.000000e+00 0.000000e+00
    outer loop
      vertex 13.000000 47.000000 -56.000000
      vertex 13.000000 47.000000 -52.000000
      vertex 13.000000 71.000000 -52.000000
    endloop
  endfacet
  facet normal -1.000000e+00 0.000000e+00 0.000000e+00
    outer loop
      vertex 13.000000 47.000000 -56.000000
      vertex 13.000000 71.000000 -52.000000
      vertex 13.000000 71.000000 -56.000000
    endloop
  endfacet
  facet normal 0.000000e+00 -1.000000e+00 0.000000e+00
    outer loop
      vertex 13.000000 71.000000 -56.000000
      vertex 13.000000 71.000000 -52.000000
      vertex -13.000000 71.000000 -52.000000
    endloop
  endfacet
  facet normal 0.000000e+00 -1.000000e+00 0.000000e+00
    outer loop
      vertex 13.000000 71.000000 -56.000000
      vertex -13.000000 71.000000 -52.000000
      vertex -13.000000 71.000000 -56.000000
    endloop
  endfacet
  facet normal 1.000000e+00 0.000000e+00 -0.000000e+00
    outer loop
      vertex -13.000000 71.000000 -56.000000
      vertex -13.000000 71.000000 -52.000000
      vertex -13.000000 47.000000 -52.000000
    endloop
  endfacet
  facet normal 1.000000e+00 0.000000e+00 0.000000e+00
    outer loop
      vertex -13.000000 71.000000 -56.000000
      vertex -13.000000 47.000000 -52.000000
      vertex -13.000000 47.000000 -56.000000
    endloop
  endfacet
  facet normal 0.000000e+00 1.000000e+00 0.000000e+00
    outer loop
      vertex -13.000000 47.000000 -56.000000
      vertex -13.000000 47.000000 -52.000000
      vertex 13.000000 47.000000 -52.000000
    endloop
  endfacet
  facet normal 0.000000e+00 1.000000e+00 0.000000e+00
    outer loop
      vertex -13.000000 47.000000 -56.000000
      vertex 13.000000 47.000000 -52.000000
      vertex 13.000000 47.000000 -56.000000
    endloop
  endfacet
  facet normal 0.000000e+00 0.000000e+00 1.000000e+00
    outer loop
      vertex -47.203194 -12.241670 -56.000000
      vertex -67.987804 -24.241670 -56.000000
      vertex -54.987804 -46.758330 -56.000000
    endloop
  endfacet
  facet normal 0.000000e+00 0.000000e+00 1.000000e+00
    outer loop
      vertex -47.203194 -12.241670 -56.000000
      vertex -54.987804 -46.758330 -56.000000
      vertex -34.203194 -34.758330 -56.000000
    endloop
  endfacet
  facet normal 0.000000e+00 0.000000e+00 -1.000000e+00
    outer loop
      vertex -47.203194 -12.241670 -52.000000
      vertex -54.987804 -46.758330 -52.000000
      vertex -67.987804 -24.241670 -52.000000
    endloop
  endfacet
  facet normal 0.000000e+00 -0.000000e+00 -1.000000e+00
    outer loop
      vertex -47.203194 -12.241670 -52.000000
      vertex -34.203194 -34.758330 -52.000000
      vertex -54.987804 -46.758330 -52.000000
    endloop
  endfacet
  facet normal 5.000000e-01 -8.660254e-01 0.000000e+00
    outer loop
      vertex -47.203194 -12.241670 -56.000000
      vertex -47.203194 -12.241670 -52.000000
      vertex -67.987804 -24.241670 -52.000000
    endloop
  endfacet
  facet normal 5.000000e-01 -8.660254e-01 0.000000e+00
    outer loop
      vertex -47.203194 -12.241670 -56.000000
      vertex -67.987804 -24.241670 -52.000000
      vertex -67.987804 -24.241670 -56.000000
    endloop
  endfacet
  facet normal 8.660254e-01 5.000000e-01 -0.000000e+00
    outer loop
      vertex -67.987804 -24.241670 -56.000000
      vertex -67.987804 -24.241670 -52.000000
      vertex -54.987804 -46.758330 -52.000000
    endloop
  endfacet
  facet normal 8.660254e-01 5.000000e-01 0.000000e+00
    outer loop
      vertex -67.987804 -24.241670 -56.000000
      vertex -54.987804 -46.758330 -52.000000
      vertex -54.987804 -46.758330 -56.000000
    endloop
  endfacet
  facet normal -5.000000e-01 8.660254e-01 0.000000e+00
    outer loop
      vertex -54.987804 -46.758330 -56.000000
      vertex -54.987804 -46.758330 -52.000000
      vertex -34.203194 -34.758330 -52.000000
    endloop
  endfacet
  facet normal -5.000000e-01 8.660254e-01 0.000000e+00
    outer loop
      vertex -54.987804 -46.758330 -56.000000
      vertex -34.203194 -34.758330 -52.000000
      vertex -34.203194 -34.758330 -56.000000
    endloop
  endfacet
  facet normal -8.660254e-01 -5.000000e-01 0.000000e+00
    outer loop
      vertex -34.203194 -34.758330 -56.000000
      vertex -34.203194 -34.758330 -52.000000
      vertex -47.203194 -12.241670 -52.000000
    endloop
  endfacet
  facet normal -8.660254e-01 -5.000000e-01 0.000000e+00
    outer loop
      vertex -34.203194 -34.758330 -56.000000
      vertex -47.203194 -12.241670 -52.000000
      vertex -47.203194 -12.241670 -56.000000
    endloop
  endfacet
  facet normal -0.000000e+00 0.000000e+00 1.000000e+00
    outer loop
      vertex 34.203194 -34.758330 -56.000000
      vertex 54.987804 -46.758330 -56.000000
      vertex 67.987804 -24.241670 -56.000000
    endloop
  endfacet
  facet normal 0.000000e+00 0.000000e+00 1.000000e+00
    outer loop
      vertex 34.203194 -34.758330 -56.000000
      vertex 67.987804 -24.241670 -56.000000
      vertex 47.203194 -12.241670 -56.000000
    endloop
  endfacet
  facet normal 0.000000e+00 0.000000e+00 -1.000000e+00
    outer loop
      vertex 34.203194 -34.758330 -52.000000
      vertex 67.987804 -24.241670 -52.000000
      vertex 54.987804 -46.758330 -52.000000
    endloop
  endfacet
  facet normal 0.000000e+00 0.000000e+00 -1.000000e+00
    outer loop
      vertex 34.203194 -34.758330 -52.000000
      vertex 47.203194 -12.241670 -52.000000
      vertex 67.987804 -24.241670 -52.000000
    endloop
  endfacet
  facet normal 5.000000e-01 8.660254e-01 -0.000000e+00
    outer loop
      vertex 34.203194 -34.758330 -56.000000
      vertex 34.203194 -34.758330 -52.000000
      vertex 54.987804 -46.758330 -52.000000
    endloop
  endfacet
  facet normal 5.000000e-01 8.660254e-01 0.000000e+00
    outer loop
      vertex 34.203194 -34.758330 -56.000000
      vertex 54.987804 -46.758330 -52.000000
      vertex 54.987804 -46.758330 -56.000000
    endloop
  endfacet
  facet normal -8.660254e-01 5.000000e-01 0.000000e+00
    outer loop
      vertex 54.987804 -46.758330 -56.000000
      vertex 54.987804 -46.758330 -52.000000
      vertex 67.987804 -24.241670 -52.000000
    endloop
  endfacet
  facet normal -8.660254e-01 5.000000e-01 0.000000e+00
    outer loop
      vertex 54.987804 -46.758330 -56.000000
      vertex 67.987804 -24.241670 -52.000000
      vertex 67.987804 -24.241670 -56.000000
    endloop
  endfacet
  facet normal -5.000000e-01 -8.660254e-01 0.000000e+00
    outer loop
      vertex 67.987804 -24.241670 -56.000000
      vertex 67.987804 -24.241670 -52.000000
      vertex 47.203194 -12.241670 -52.000000
    endloop
  endfacet
  facet normal -5.000000e-01 -8.660254e-01 0.000000e+00
    outer loop
      vertex 67.987804 -24.241670 -56.000000
      vertex 47.203194 -12.241670 -52.000000
      vertex 47.203194 -12.241670 -56.000000
    endloop
  endfacet
  facet normal 8.660254e-01 -5.000000e-01 0.000000e+00
    outer loop
      vertex 47.203194 -12.241670 -56.000000
      vertex 47.203194 -12.241670 -52.000000
      vertex 34.203194 -34.758330 -52.000000
    endloop
  endfacet
  facet normal 8.660254e-01 -5.000000e-01 0.000000e+00
    outer loop
      vertex 47.203194 -12.241670 -56.000000
      vertex 34.203194 -34.758330 -52.000000
      vertex 34.203194 -34.758330 -56.000000
    endloop
  endfacet
endsolid pot_stand_clean_3legs
